1stFlrSF,BsmtFinSF1,BsmtUnfSF,GarageArea,GrLivArea,KitchenQual,LotArea,LotFrontage,OpenPorchSF,OverallCond,OverallQual,TotalBsmtSF,YearBuilt,YearRemodAdd,SalePrice
1828,48,1774,774,1828,Gd,11694,90.0,108,5,9,1822,2007,2007,314813
894,0,894,308,894,TA,6600,60.0,0,5,5,894,1962,1962,109500
964,713,163,432,964,TA,13360,80.0,0,7,5,876,1921,2006,163500
1689,1218,350,857,1689,Gd,13265,69.0,59,5,8,1568,2002,2002,271000
1541,0,1541,843,1541,Gd,13704,118.0,81,5,7,1541,2001,2002,205000
1221,410,811,400,1221,Gd,7500,62.0,113,5,7,1221,2004,2005,185000
1324,643,445,440,1324,TA,8658,84.0,138,5,6,1088,1965,1965,160000
696,604,92,484,1416,Gd,2572,24.0,44,5,7,696,1999,1999,155000
526,462,0,297,988,TA,1596,21.0,101,5,4,462,1973,1973,91000
869,375,360,440,1218,TA,6000,60.0,0,6,6,735,1941,1950,131000
760,0,746,397,1656,Gd,6931,60.0,128,5,7,746,2003,2004,165400
1362,20,1342,460,1362,Gd,7577,61.0,28,5,6,1362,2005,2006,194700
1051,0,756,442,1839,TA,7700,70.0,124,5,6,756,1966,1966,155000
1375,0,1367,451,1375,TA,11310,75.0,30,5,6,1367,1954,1954,140000
1122,144,172,528,1122,Gd,12000,100.0,36,7,5,924,1948,2005,147000
1432,680,289,588,1432,Gd,16157,69.0,180,7,5,1360,1978,1978,194000
728,0,728,400,1456,Gd,9018,65.0,24,5,7,728,2007,2007,179540
1217,611,577,497,1217,Gd,9947,69.0,27,5,7,1188,1990,1991,173000
1040,0,0,625,1040,TA,7200,60.0,0,7,5,0,1950,1950,109500
612,294,318,528,1224,Gd,3000,30.0,234,5,6,612,2009,2009,173733
1022,0,952,468,1774,TA,6120,51.0,0,5,7,952,1931,1950,129900
961,241,229,384,1367,TA,8405,50.0,130,8,5,861,1900,1950,119000
803,0,803,297,1360,Gd,7200,60.0,65,6,5,803,1938,1995,125500
848,697,151,420,848,Gd,4426,69.0,0,5,6,848,2004,2004,149300
1482,871,611,749,2262,Gd,12244,85.0,0,5,8,1482,2003,2003,305000
1220,836,0,396,1220,TA,8877,67.0,0,5,4,836,1951,1951,102000
1414,0,1375,398,1414,Gd,3072,69.0,20,5,7,1375,2004,2004,178740
1134,319,416,396,2058,TA,9600,60.0,0,5,6,735,1917,1950,129500
1088,0,901,0,1198,TA,5586,60.0,98,7,6,901,1920,1998,79900
1659,1158,343,499,1659,Ex,5664,40.0,59,5,8,1501,2000,2000,278000
1012,0,1012,308,1012,TA,8263,59.0,22,5,6,1012,1920,1950,118400
1687,523,301,672,3082,TA,15863,102.0,63,3,7,824,1920,1970,197000
1032,0,360,672,1812,Gd,7630,76.0,0,9,5,360,1900,1996,140000
1057,738,319,650,1929,Gd,7050,69.0,235,5,7,1057,2001,2001,226000
954,483,428,576,954,TA,10780,55.0,0,5,5,911,1976,1976,132500
1838,1260,578,765,1838,Ex,14601,85.0,68,5,9,1838,2006,2006,315000
1640,728,568,924,1640,Gd,14778,69.0,0,7,6,1296,1954,2006,224000
1148,1148,0,672,1148,TA,7931,70.0,0,5,5,1148,1959,1959,132500
950,412,251,280,950,TA,9758,61.0,0,5,5,950,1971,1971,119500
1065,380,397,471,1911,Gd,9554,80.0,81,5,8,777,1993,1994,215000
915,300,765,440,1635,TA,8737,70.0,38,7,6,1065,1923,1950,210000
1316,0,1316,440,1316,Gd,11175,103.0,20,5,7,1316,2007,2007,200141
1442,0,1442,615,1442,TA,11717,69.0,0,6,6,1442,1970,1970,185000
1078,734,344,500,1078,TA,12537,69.0,0,6,5,1078,1971,2008,149900
1120,932,108,544,1120,Fa,6970,85.0,0,5,4,1040,1961,1961,129000
779,353,55,527,1419,Gd,7750,69.0,0,5,8,408,2002,2002,184100
707,0,651,240,1389,TA,3378,60.0,0,8,7,651,1946,1992,135000
1063,354,412,280,1063,TA,9920,80.0,0,5,5,1056,1954,1954,128000
1792,1567,225,874,1792,Ex,11846,72.0,49,5,9,1792,2003,2004,374000
1216,897,319,402,1216,TA,4500,32.0,125,5,6,1216,1998,1998,164000
998,0,596,576,1762,Gd,7200,60.0,0,7,7,596,1920,1950,157000
847,0,847,434,1959,Gd,11796,59.0,48,5,7,847,2004,2005,215000
1208,767,441,546,1208,TA,11250,69.0,42,6,6,1208,1977,1977,165000
874,460,414,315,1524,TA,11344,78.0,0,5,5,874,1958,1958,144000
796,735,61,240,1154,Gd,5436,40.0,96,8,4,796,1922,2007,125500
1048,0,0,420,1048,TA,7200,60.0,27,5,5,0,1950,1950,98300
886,0,190,273,886,TA,5784,50.0,20,8,5,190,1938,1996,91300
943,943,0,600,943,TA,7032,69.0,0,5,5,943,1979,1979,135960
866,400,466,603,1768,Gd,9803,75.0,108,5,7,866,2005,2005,226700
1422,0,1393,779,2599,Gd,14774,108.0,30,5,9,1393,1999,1999,333168
912,456,456,275,912,TA,10150,70.0,0,5,5,912,1958,1958,114500
882,0,0,308,882,TA,12702,70.0,45,5,5,0,1956,1956,97000
1337,266,1139,511,1337,Gd,4060,34.0,68,5,6,1405,1998,1999,181000
2076,1386,690,850,2076,Ex,13891,107.0,229,5,10,2076,2006,2006,465000
1328,56,1198,752,2531,Gd,12257,65.0,98,5,8,1318,1995,1995,290000
981,569,162,240,1768,Gd,7200,60.0,0,7,5,731,1937,1950,175000
1625,1573,0,538,1625,Gd,4750,44.0,0,5,8,1573,2006,2007,235000
1444,697,747,389,2144,Gd,159000,69.0,98,7,6,1444,1958,2006,277000
1521,0,1237,880,2775,Gd,13500,75.0,502,9,10,1237,1893,2000,325000
1140,0,585,477,1868,TA,12090,78.0,112,7,6,585,1984,2003,178000
1525,1400,125,541,1525,Gd,9100,70.0,36,5,7,1525,2000,2000,235000
1571,0,1571,722,1571,Gd,10991,89.0,36,5,8,1571,2007,2007,239000
796,0,796,0,796,TA,8777,67.0,0,7,5,796,1910,1950,85000
1378,0,994,432,2372,TA,6600,60.0,287,4,5,994,1892,1965,107500
802,0,384,402,1472,Gd,10784,69.0,0,5,7,384,1991,1992,160000
960,648,0,364,960,TA,10246,69.0,0,9,4,648,1965,2001,145000
734,0,732,372,1838,TA,21930,60.0,40,5,5,732,2005,2005,192140
1309,663,0,484,1309,Gd,10140,78.0,0,6,6,1040,1974,1999,181000
2069,0,2153,694,2643,Ex,13693,105.0,84,5,9,2153,2006,2006,380000
676,0,676,200,1131,TA,5720,52.0,0,6,5,676,1941,1950,66500
960,0,960,400,1960,TA,7596,60.0,0,5,5,960,1952,1952,124500
1144,25,247,336,1144,TA,9204,71.0,88,5,5,1144,1963,1963,124000
1056,1056,0,576,1056,TA,6979,64.0,56,5,6,1056,1980,1980,144000
693,0,693,0,693,Fa,4118,153.0,20,4,4,693,1941,1950,52500
1494,1200,279,576,1494,Gd,9236,79.0,27,5,6,1479,1997,1997,217000
1646,1373,221,482,1646,Gd,3842,44.0,53,5,8,1594,2004,2005,275000
864,390,474,352,864,TA,7180,60.0,0,7,5,864,1972,1972,127000
1566,1078,488,750,1566,Gd,9000,75.0,168,5,8,1566,2008,2008,262500
735,593,130,497,1395,TA,12936,69.0,116,6,6,723,1972,1972,162000
848,152,628,539,1208,TA,6240,52.0,23,5,4,780,1925,1950,103000
939,0,939,180,1513,TA,6120,51.0,0,8,5,939,1920,2004,137500
959,425,459,560,1367,TA,6240,52.0,0,6,6,884,1931,1950,127500
955,763,192,386,955,TA,7742,66.0,0,7,5,955,1966,1966,127000
1077,0,1007,210,1077,TA,9786,60.0,100,4,3,1007,1922,1950,91000
1056,1056,0,572,1056,TA,34650,100.0,0,5,5,1056,1955,1955,145000
756,0,756,615,1553,Gd,8125,65.0,45,5,7,756,2005,2006,186500
1614,20,1594,865,1614,Gd,11210,86.0,59,5,7,1614,2005,2006,221500
2042,0,2042,1390,2042,Ex,12704,98.0,90,5,8,2042,2008,2009,253293
1073,0,1073,326,1073,TA,5400,60.0,0,6,5,1073,1921,1968,108480
1072,336,295,240,1285,TA,8635,50.0,0,5,5,672,1948,2001,127000
2117,865,340,550,2117,TA,12925,69.0,42,7,6,1205,1970,1970,237500
605,348,180,0,605,TA,9098,58.0,0,7,4,528,1920,2002,86000
1150,179,465,300,1150,TA,7945,70.0,0,6,5,1150,1959,1959,141000
728,0,728,400,1456,Gd,8029,51.0,24,5,6,728,2005,2005,176000
999,867,77,588,999,Ex,12122,69.0,76,9,7,944,1961,2007,178400
750,0,750,564,1500,Gd,8846,68.0,35,5,6,750,2005,2006,173900
1336,841,324,375,1336,TA,15750,90.0,0,5,5,1165,1953,1953,157000
864,759,80,398,1593,TA,7415,62.0,75,5,6,839,2004,2004,193000
1130,936,168,836,2184,Ex,11308,96.0,102,5,9,1104,2008,2008,335000
1560,0,1560,573,1560,Gd,9196,129.0,150,5,7,1560,2003,2003,201000
888,386,342,312,1644,Gd,9480,79.0,0,7,5,728,1942,1995,146500
630,515,115,286,630,Gd,1526,21.0,0,8,4,630,1970,2002,86000
1113,751,392,504,1113,TA,7917,69.0,30,7,6,1143,1976,1976,148000
1071,0,1063,947,2172,Gd,14154,109.0,62,5,7,1063,2006,2006,280000
796,0,560,384,1346,TA,11767,70.0,24,7,4,560,1910,2000,112000
1184,64,1120,550,2610,Ex,9000,75.0,364,5,8,1184,2007,2007,303477
1026,0,1026,936,1958,Gd,10625,85.0,210,5,7,1026,2005,2005,250000
1468,0,1468,898,1468,Gd,9612,74.0,150,5,8,1468,2008,2009,244600
1302,0,0,539,1734,Gd,10125,75.0,0,5,5,0,1977,1977,126000
768,352,416,240,1200,TA,11767,70.0,0,6,5,768,1946,1995,130500
1112,812,280,438,1550,Gd,8125,65.0,168,5,7,1092,2006,2007,241000
954,0,795,440,2230,TA,6204,60.0,188,5,4,795,1912,1950,118500
1166,0,1064,240,1639,TA,10480,51.0,0,5,6,1064,1936,1950,115000
864,521,169,624,864,TA,9100,70.0,0,5,5,864,1958,1958,129900
1621,213,995,440,1621,Gd,14145,91.0,45,7,7,1208,1984,1998,202500
483,162,321,264,987,Gd,1680,21.0,0,8,6,483,1972,2007,118000
1238,965,245,628,2519,Gd,26178,42.0,27,5,7,1210,1989,1990,335000
765,765,0,440,1365,TA,2368,24.0,36,6,5,765,1970,1970,125000
1149,0,1128,779,2290,Gd,11250,69.0,0,5,8,1128,2002,2002,255900
1249,0,1249,840,2596,Gd,16259,111.0,154,5,9,1249,2006,2006,342643
907,288,619,352,907,TA,8593,77.0,0,6,4,907,1957,1957,109008
855,566,289,440,1456,TA,2280,24.0,0,6,6,855,1976,1976,148500
1190,803,303,540,1190,TA,7728,70.0,18,6,5,1106,1962,1962,132500
858,322,536,684,858,TA,7340,69.0,0,6,4,858,1971,1971,110000
2223,1880,343,516,2223,TA,13651,95.0,0,6,7,2223,1973,1973,244000
1005,0,1005,672,1005,Fa,10434,60.0,0,5,4,1005,1955,1955,115000
1086,0,712,409,1895,Gd,10832,69.0,46,5,7,712,1994,1996,194500
1040,906,134,384,1040,TA,11200,70.0,0,5,5,1040,1965,1965,129500
1264,697,571,461,1264,TA,9300,73.0,0,5,5,1268,1960,1960,167500
874,0,874,578,1761,Gd,10207,84.0,105,6,7,874,2007,2007,227875
1034,539,473,888,1034,TA,12328,69.0,0,5,6,1012,1976,1976,169900
1363,226,96,439,1363,TA,39104,73.0,0,7,7,1385,1954,2005,241500
1689,0,1436,480,1689,TA,9855,73.0,0,5,6,1436,1956,1956,127500
2113,1696,413,839,2113,Gd,10437,91.0,46,6,8,2109,1995,1995,350000
1573,788,785,544,1573,Gd,9808,67.0,72,5,7,1573,2002,2002,227000
2364,2188,142,820,2364,Ex,12919,100.0,67,5,9,2330,2009,2010,611657
1057,739,318,645,2034,Gd,9375,69.0,36,5,7,1057,1997,1998,219500
1291,1003,288,431,1291,Gd,2887,69.0,0,5,6,1291,1996,1997,173000
858,696,162,0,858,TA,7207,50.0,0,7,5,858,1958,2008,116500
698,204,356,280,1258,TA,9060,60.0,0,5,6,560,1939,1950,105000
438,290,0,246,438,Fa,8400,60.0,0,5,2,290,1920,1950,60000
672,209,463,440,1400,TA,7844,74.0,0,7,6,672,1978,1978,149500
954,0,920,240,954,Fa,6305,50.0,0,7,5,920,1938,1950,119750
1445,564,563,645,1445,TA,12095,69.0,0,6,6,1127,1964,1964,158000
1072,459,88,525,1072,TA,3675,35.0,28,5,6,547,2005,2005,148000
1664,0,0,0,1664,TA,9825,75.0,0,5,5,0,1965,1965,100000
1445,0,844,441,2134,Gd,11888,69.0,60,6,6,844,1916,1994,214500
1940,428,537,380,3194,TA,12168,78.0,0,6,8,965,1934,1998,359100
912,0,912,0,1824,TA,9400,94.0,0,5,6,912,1971,1971,139000
888,742,130,422,1756,TA,9303,69.0,122,5,6,872,1996,1997,204000
912,595,317,576,912,Gd,8872,72.0,240,8,5,912,1965,2008,147000
1509,783,678,600,1509,Gd,10200,85.0,0,5,6,1461,1988,1989,175000
1160,264,712,216,1608,Gd,6171,51.0,16,6,6,976,1925,1990,137450
1316,28,1288,397,1316,Gd,10237,65.0,0,5,6,1316,2005,2006,169990
1015,489,279,450,1015,TA,6120,51.0,0,7,5,768,1925,1950,88000
756,312,444,240,1134,TA,8160,60.0,0,6,5,756,1940,1950,126000
1636,63,1560,865,1636,Gd,13501,116.0,60,5,8,1623,2006,2006,255000
660,0,660,400,1320,Gd,7750,69.0,48,5,7,660,2003,2003,162000
1160,249,0,538,2126,TA,28698,69.0,0,5,5,1013,1967,1967,185000
1128,776,344,525,1128,TA,8700,80.0,20,6,5,1120,1963,1963,155000
1306,860,132,756,1306,TA,8712,64.0,0,7,5,992,1957,2000,153000
798,0,546,0,1344,TA,1533,21.0,0,6,4,546,1970,2008,97000
1576,0,718,704,2554,TA,10800,60.0,48,8,7,718,1890,1998,159500
893,220,625,576,893,Gd,9600,60.0,0,7,5,845,1949,2003,135000
894,0,894,668,1933,Gd,14598,86.0,18,5,6,894,2007,2007,214000
672,356,316,264,1218,TA,1890,21.0,28,5,6,672,1973,1973,113000
1161,0,808,534,1969,TA,11952,92.0,0,6,7,808,1977,1977,190000
1220,1079,141,556,2090,Gd,10000,80.0,65,5,8,1220,1995,1996,240000
1484,998,486,487,1484,TA,12243,70.0,0,6,5,1484,1971,1971,175000
1656,0,1656,506,1656,TA,9246,87.0,211,5,5,1656,1973,1973,135000
818,468,350,210,1224,TA,3950,69.0,0,8,6,818,1926,2004,115000
1022,695,297,390,2054,Gd,12224,69.0,48,5,6,992,2000,2000,244000
854,0,832,576,854,TA,6120,51.0,112,8,7,832,1929,2001,132000
546,334,212,286,1092,TA,1974,69.0,96,5,4,546,1973,1973,83500
1268,196,1072,252,1268,Gd,9286,69.0,0,7,5,1268,1977,1989,143500
827,385,70,550,1661,Gd,10667,43.0,61,6,7,799,1996,1996,212000
1668,370,315,502,1668,Gd,10635,48.0,262,5,8,1657,2003,2003,232000
1493,994,484,508,1493,Gd,13125,75.0,39,5,6,1478,1997,1998,208900
932,0,932,306,932,Gd,8280,57.0,0,5,6,932,1950,1950,124000
1277,778,499,526,1277,TA,10628,85.0,0,5,7,1277,1970,1970,167000
1530,1300,230,630,1530,Gd,14572,182.0,36,5,7,1530,2004,2004,259000
1344,457,193,484,1344,TA,9503,69.0,28,5,5,1024,1958,1983,144000
860,672,168,528,860,TA,8740,74.0,0,6,5,840,1982,1982,137000
1314,904,410,626,1314,Gd,5001,34.0,62,5,7,1314,2007,2008,230000
1391,464,927,868,1962,Gd,8760,73.0,90,5,7,1391,2006,2006,239799
788,724,64,388,1490,Gd,15384,60.0,75,5,7,788,2004,2005,184000
848,662,186,420,848,Gd,4426,69.0,0,5,6,848,2004,2004,143000
672,0,672,240,672,TA,10200,60.0,0,8,5,672,1940,1997,108000
1188,275,877,252,2340,Gd,9042,66.0,60,9,7,1152,1941,2006,266500
808,0,660,180,1656,TA,10410,60.0,0,7,5,660,1916,1987,135000
725,626,99,484,1479,Gd,7472,69.0,32,9,7,725,1972,2004,184000
1226,0,1226,740,1226,Gd,10402,94.0,36,5,7,1226,2009,2009,198900
976,568,264,444,2087,Gd,12205,69.0,168,8,6,832,1966,2007,187500
1158,941,217,576,1158,Gd,13072,63.0,50,5,6,1158,2004,2004,158000
1154,740,184,480,1154,TA,11000,69.0,58,6,5,1154,1966,1966,154000
880,0,880,527,1724,Gd,8924,57.0,155,5,7,880,1998,1999,188000
773,219,554,431,1658,TA,8000,69.0,84,5,6,773,1995,1996,188000
1126,0,0,520,1126,Gd,8777,67.0,96,5,4,0,1949,2003,108000
872,0,816,300,1393,TA,16466,59.0,0,7,5,816,1955,1955,135500
1968,192,536,1014,3447,Gd,14100,69.0,12,9,8,728,1935,1997,381000
483,309,174,264,987,TA,1953,21.0,0,5,6,483,1973,1973,83000
808,351,112,0,1355,TA,10106,62.0,0,7,5,644,1940,1999,127500
2069,425,160,505,2069,Gd,27650,313.0,0,7,7,585,1960,2007,242000
757,549,195,440,1501,TA,2280,24.0,0,5,7,744,1999,1999,179400
1976,1350,626,908,1976,Gd,14977,110.0,63,5,8,1976,2006,2007,440000
1563,33,1530,758,1563,Gd,10206,78.0,99,5,8,1563,2007,2007,245000
572,0,572,288,1111,TA,5700,69.0,0,7,7,572,1926,1950,116900
851,0,776,270,1502,TA,7200,60.0,0,6,7,776,1931,2000,149000
1733,0,0,452,1733,TA,13680,69.0,0,5,3,0,1955,1955,139600
1848,1410,438,706,2728,Ex,20431,56.0,0,5,9,1848,2005,2006,437154
630,231,399,264,1302,TA,1680,21.0,0,7,5,630,1972,1972,119500
1332,1258,74,586,1524,Gd,23595,69.0,0,6,7,1332,1979,1979,260000
1120,0,0,680,1588,TA,17120,80.0,59,4,4,0,1959,1959,134432
1125,0,1125,430,1125,TA,8536,74.0,64,5,5,1125,2006,2007,155000
520,0,600,480,1200,Gd,3180,30.0,166,5,7,600,2005,2005,151000
798,0,798,520,1640,Gd,8366,65.0,45,5,6,798,2004,2004,173000
1223,1000,223,525,2127,Gd,10944,81.0,132,5,7,1223,1994,1994,271000
972,680,292,240,972,TA,8000,50.0,0,6,6,972,1948,2002,132000
1142,584,544,466,2020,Gd,9828,80.0,155,5,8,1128,1995,1995,239500
1144,739,405,596,1144,TA,9571,68.0,0,6,5,1144,1956,1956,129000
1352,300,468,288,1352,Gd,6930,92.0,0,4,5,1062,1958,1958,130000
926,234,0,484,1316,TA,5500,50.0,0,7,5,926,1929,2001,130000
1086,956,130,592,1924,Gd,12011,78.0,75,5,8,1086,1998,1998,280000
1164,1040,124,240,1164,TA,10880,68.0,48,5,5,1164,1950,1950,125000
952,852,100,840,952,TA,7350,60.0,0,7,5,952,1951,1951,139000
938,259,425,0,2358,TA,5250,50.0,54,5,8,684,1872,1987,122000
1680,808,72,540,1680,Gd,21695,69.0,44,9,6,880,1988,2007,222000
1221,0,482,672,1912,TA,10800,60.0,25,7,6,482,1905,2000,163000
1004,578,426,480,1004,TA,11241,69.0,0,7,6,1004,1970,1970,149000
774,384,363,305,1230,TA,4712,51.0,57,7,4,747,1946,1950,121600
1167,645,270,495,1167,TA,8731,98.0,0,5,5,915,1920,1950,144000
1301,405,740,440,1301,Fa,6911,60.0,0,5,5,1145,1924,1950,100000
1453,1082,371,445,1453,Gd,5271,69.0,80,5,7,1453,1986,1986,190000
1601,1358,223,670,1601,Gd,11423,69.0,0,5,8,1581,2001,2002,272000
1588,0,1588,825,1588,Gd,10000,85.0,45,5,8,1588,2006,2006,227000
1095,513,75,264,1095,TA,10382,75.0,0,5,6,588,1958,1958,140000
1050,915,135,368,1050,TA,10659,69.0,319,6,5,1050,1961,1961,136500
960,520,440,432,960,TA,10921,73.0,0,5,4,960,1965,1965,94750
1002,0,810,280,1456,TA,7585,50.0,0,3,5,810,1948,1950,91500
1489,0,1489,462,1489,Gd,9156,69.0,0,7,6,1489,1968,1968,185750
1726,1126,600,786,1726,Ex,9416,79.0,138,5,7,1726,2007,2007,311872
1362,0,1362,484,2082,Gd,11426,63.0,238,5,7,1362,2003,2003,200000
1339,1053,256,484,1339,TA,8049,50.0,58,5,7,1309,1990,1990,180000
1310,781,503,1069,2450,Gd,16545,69.0,126,5,8,1284,1998,1998,340000
879,0,879,660,1863,Gd,14054,58.0,17,5,7,879,2006,2006,219210
768,656,112,396,768,TA,8445,70.0,0,7,5,768,1972,2007,133000
334,0,0,0,334,Fa,5000,50.0,0,3,1,0,1946,1950,39300
1136,892,244,384,1136,TA,9200,80.0,0,6,6,1136,1965,1965,140000
1337,1201,36,405,1337,TA,4500,32.0,199,5,6,1237,1998,1998,153500
912,312,0,288,912,TA,7800,66.0,0,5,5,912,1964,1964,115000
876,540,324,264,1812,TA,7590,69.0,168,5,5,864,1962,1962,169500
1052,378,342,240,2192,Gd,8400,60.0,24,8,5,720,1939,1997,179500
658,0,658,0,1184,TA,8410,58.0,151,3,5,658,1910,1996,81000
964,0,925,308,1889,TA,10120,60.0,0,4,7,925,1910,1950,122000
1327,405,658,624,1327,Gd,7388,75.0,0,6,5,1063,1959,2002,150750
1422,588,606,576,1422,Gd,12090,78.0,0,6,6,1422,1981,1981,175500
1632,0,1632,576,1632,TA,25000,100.0,0,4,5,1632,1967,1967,143000
1630,0,1630,451,1630,Gd,9750,75.0,234,5,7,1630,2000,2001,213000
1013,0,1013,0,1526,Fa,8470,105.0,0,2,3,1013,1915,1982,85000
1040,0,0,420,1040,TA,7200,60.0,0,5,4,0,1949,1950,90000
841,0,806,216,1647,Fa,6858,66.0,66,4,6,806,1915,1950,128000
1328,622,500,576,1981,Gd,7804,65.0,44,3,4,1122,1928,1950,135000
1644,1285,131,418,1644,TA,9600,80.0,0,5,6,1416,1953,1953,167000
1482,0,1482,868,2574,Ex,9588,69.0,148,5,8,1482,2007,2007,276000
1060,0,764,520,1824,TA,13515,60.0,0,6,6,764,1919,1950,180500
1350,624,288,520,1350,TA,9020,82.0,0,5,6,1248,1964,1964,168500
958,958,0,440,958,TA,4928,69.0,60,6,6,958,1976,1976,143750
1053,0,833,370,1848,Gd,13053,64.0,0,7,6,833,1923,2000,207000
1620,1116,165,490,1620,TA,9991,69.0,78,4,4,1281,1976,1993,150000
1167,560,598,400,1167,Gd,9248,69.0,26,6,6,1158,1992,1992,173000
798,94,641,220,1487,TA,8741,52.0,140,4,6,735,1945,1950,113000
892,432,460,288,892,TA,7150,65.0,0,5,5,892,1967,1967,100000
804,510,278,240,804,Gd,7200,60.0,0,7,5,788,1940,1992,119000
1140,0,1140,0,1140,TA,17217,90.0,56,5,5,1140,2006,2006,84500
983,400,380,483,1796,TA,7056,71.0,50,5,6,780,1963,1963,140000
1118,156,692,551,2030,Gd,12046,69.0,224,6,6,848,1976,1976,195000
1026,765,252,812,2007,Ex,11003,85.0,52,5,10,1017,2008,2008,310000
691,0,691,216,691,Ex,5400,60.0,20,6,5,691,1920,1950,86000
786,0,768,676,1590,Gd,9000,75.0,30,5,8,768,2008,2008,210000
1216,444,550,325,1855,TA,9525,75.0,0,4,6,994,1954,1972,136900
1028,0,994,442,1804,Gd,7500,60.0,60,5,7,994,1999,1999,189000
884,550,334,543,1768,Gd,8158,65.0,63,5,7,884,2003,2003,224900
1831,1387,543,807,3627,Gd,35760,118.0,76,5,10,1930,1995,1996,625000
1298,1258,40,403,1298,Gd,11200,69.0,26,5,6,1298,1985,1985,180000
1801,1247,254,484,1801,TA,15602,100.0,54,8,7,1501,1959,1997,289000
630,553,77,0,630,Ex,1533,21.0,0,7,5,630,1970,1970,92000
1103,397,706,440,1103,Gd,6000,50.0,120,6,6,1103,1925,1980,110500
859,0,859,384,1178,TA,8712,66.0,0,7,4,859,1900,1950,102776
1196,197,999,440,1196,TA,4800,40.0,0,7,4,1196,1916,1990,109900
1372,0,1372,529,1372,Gd,8640,72.0,140,5,7,1372,2007,2008,250580
1431,371,728,296,1431,TA,9150,101.0,110,5,6,1099,1962,1962,165000
1422,0,1422,626,1422,Gd,8500,63.0,60,5,7,1422,2004,2004,179600
1079,985,595,501,1953,Gd,53107,69.0,231,5,6,1580,1992,1992,240000
1121,0,1121,440,1121,TA,8546,80.0,64,5,4,1121,2003,2004,140000
1143,0,1143,852,2473,Gd,9591,76.0,151,5,8,1143,2004,2005,317000
1057,417,640,576,1057,TA,7420,70.0,0,5,5,1057,1962,1962,132000
1110,1097,0,602,1110,Gd,9101,69.0,30,6,5,1097,1978,1978,165500
1164,524,628,671,2270,Gd,11764,92.0,57,7,8,1152,1999,2007,290000
2018,0,2002,746,2018,Ex,13214,89.0,76,5,9,2002,2008,2009,378500
672,438,234,440,1386,TA,11616,69.0,0,5,6,672,1978,1978,158900
1082,0,1082,1043,1953,Gd,10574,85.0,50,5,8,1082,2005,2006,252000
1337,733,604,462,1337,Gd,5395,41.0,0,5,8,1337,1993,1993,180000
997,0,969,648,2285,Gd,11000,69.0,56,5,8,969,2000,2000,248000
1718,1288,417,826,1718,Gd,10637,79.0,44,5,8,1705,2007,2008,297000
1086,516,380,484,1086,TA,13400,85.0,0,5,5,1024,1966,1966,159950
1555,0,1373,660,1555,Gd,3684,53.0,20,5,7,1373,2007,2007,174000
1902,1406,496,567,1902,Ex,17500,100.0,207,8,7,1902,1959,2002,335000
1298,1216,0,693,2514,TA,11170,69.0,0,5,7,1216,1990,1991,250000
1224,1086,0,528,1224,TA,7018,64.0,0,5,5,1086,1979,1979,153337
1054,602,14,460,1054,TA,9750,65.0,0,8,6,1054,1969,1969,151000
1276,854,371,676,2612,Gd,12203,98.0,0,5,8,1225,1998,1999,336000
902,599,277,288,902,TA,6173,69.0,0,6,5,876,1967,1967,125500
1153,692,153,484,2353,Ex,13005,94.0,195,7,7,845,1980,1980,260000
689,378,311,299,1392,TA,10900,69.0,36,7,6,689,1977,1977,161750
1155,899,210,576,1155,Gd,11782,88.0,0,7,5,1109,1961,1995,148000
1136,180,676,240,1904,TA,7200,60.0,0,4,5,1208,1950,1982,138000
950,0,862,208,1158,TA,6000,50.0,0,7,6,862,1929,1950,120000
751,0,611,502,1362,TA,6155,60.0,0,8,6,611,1920,1999,128000
1005,0,975,429,2291,Gd,8738,66.0,0,5,7,975,1999,1999,230000
649,0,649,250,1317,TA,8500,50.0,54,4,4,649,1920,1950,40000
1734,1004,730,928,1734,Ex,12085,93.0,0,5,8,1734,2007,2007,318000
1194,0,1194,312,1194,TA,8760,73.0,0,6,6,1194,1959,1959,148000
876,0,876,720,1416,TA,12665,100.0,0,8,5,876,1915,1950,153900
1383,1064,319,354,1383,TA,13284,69.0,116,5,5,1383,1954,1954,165000
1001,284,717,871,2002,TA,6270,82.0,0,6,5,1001,1949,1950,145000
1496,0,1496,474,1496,Gd,9158,76.0,130,5,8,1496,2007,2007,225000
984,408,156,660,1604,TA,10998,60.0,68,5,5,984,1941,1960,117000
764,0,680,504,764,TA,5232,30.0,0,5,5,680,1925,2004,73000
977,0,741,476,1732,Gd,9206,77.0,46,5,6,741,1985,1985,178000
1494,0,1494,840,1494,Gd,10652,91.0,33,5,7,1494,2006,2007,279500
986,0,960,180,986,TA,6180,60.0,128,5,6,960,1926,1950,102000
1145,16,1129,397,1145,Gd,3182,43.0,16,5,7,1145,2005,2006,160200
742,0,742,0,1484,TA,6300,35.0,291,6,6,742,1914,2001,128000
1344,111,354,525,1344,Gd,14375,69.0,118,6,6,819,1958,1958,137500
958,0,650,686,1539,Gd,10440,60.0,78,8,5,650,1904,2002,157500
1134,0,1122,656,2504,Ex,11198,77.0,39,5,9,1122,2005,2007,325000
747,0,600,528,747,TA,5825,52.0,0,5,4,600,1926,1953,79900
1108,975,133,583,2097,Gd,9750,75.0,170,6,7,1108,1998,1998,274300
3138,2260,878,884,4676,Ex,40094,130.0,406,5,10,3138,2007,2008,184750
786,0,698,624,1176,TA,6000,50.0,0,9,6,698,1937,2000,134900
720,495,225,0,720,TA,7879,60.0,523,5,4,720,1920,1950,34900
1580,0,1580,830,1580,Gd,11932,92.0,24,5,8,1580,2007,2008,235128
1440,1440,0,0,1440,TA,7711,42.0,0,3,4,1440,1977,1977,150000
738,193,545,540,1476,Gd,8633,64.0,35,5,6,738,2005,2005,173500
1500,20,1480,570,1500,Gd,8487,63.0,36,5,7,1500,2004,2004,190000
884,0,884,216,1348,TA,6000,50.0,0,8,5,884,1925,1997,117000
1200,661,203,884,1200,Gd,9230,71.0,64,8,5,864,1965,1998,146000
1394,609,785,514,1394,TA,9500,69.0,76,5,6,1394,1963,1963,159000
800,400,336,484,1632,Gd,9130,69.0,40,8,6,800,1966,2000,173000
912,842,70,336,912,TA,8521,70.0,0,5,5,912,1967,1967,125000
1370,1128,242,864,2624,TA,22420,86.0,0,6,6,1370,1918,1950,239000
1696,0,1140,349,1696,TA,13673,40.0,30,5,5,1140,1962,1962,143900
682,0,440,440,1230,TA,10440,60.0,0,6,5,440,1910,1981,110000
1549,297,556,440,2727,Gd,10570,70.0,74,8,8,853,1932,1994,315000
728,0,728,429,1456,TA,15578,105.0,0,5,6,728,2006,2006,172785
864,375,250,660,864,Gd,6960,60.0,0,6,4,864,1970,1970,120500
970,0,970,380,1709,Gd,2522,24.0,40,5,6,970,2004,2006,130000
810,643,167,528,1665,Gd,8400,70.0,45,6,8,810,2001,2001,227000
1372,987,360,656,2646,Gd,9900,90.0,60,5,7,1347,1993,1993,260000
798,0,798,595,1640,Gd,7226,72.0,45,5,7,798,2003,2003,183000
1014,440,538,420,1699,TA,10615,107.0,74,5,3,978,1900,1970,95000
1663,1116,248,529,1663,Gd,53227,69.0,137,6,4,1364,1954,1994,256000
1728,1332,396,504,1728,TA,9100,70.0,0,5,5,1728,1963,1963,125000
1055,0,1055,462,1845,Gd,11218,70.0,104,5,6,1055,1992,1992,189000
1020,536,169,440,1851,Gd,9760,80.0,42,8,6,822,1964,1993,187000
1489,0,1489,776,1489,Gd,11216,81.0,140,5,8,1489,2006,2006,232600
864,612,252,300,864,TA,9100,70.0,0,6,6,864,1959,1959,127500
1256,830,136,276,1256,TA,9937,75.0,68,6,5,1256,1965,1965,147500
816,816,0,816,816,TA,6600,60.0,0,8,5,816,1982,2003,138000
902,454,410,492,1820,Gd,13700,69.0,84,6,7,864,1965,1988,201800
912,48,422,833,2127,Gd,13125,103.0,192,5,7,1104,1991,1991,238000
1065,0,1065,461,1065,TA,8892,80.0,0,5,5,1065,1960,1960,126500
1200,0,1200,312,1200,TA,11340,84.0,0,5,6,1200,1923,1950,125000
1208,686,501,632,1208,Gd,6762,64.0,61,5,7,1187,2006,2006,206000
1133,0,1094,642,2482,Gd,12665,88.0,39,5,8,1094,2005,2006,281213
1720,919,801,527,1720,Gd,10593,59.0,56,5,7,1720,1996,1996,260400
840,116,556,0,840,TA,4388,55.0,0,7,5,672,1930,1950,87000
1294,1200,78,496,1294,Gd,7153,69.0,51,5,6,1278,1991,1991,179200
1090,980,110,450,1090,TA,7024,60.0,49,5,5,1090,2005,2006,157000
1165,0,1141,420,2263,Gd,12090,93.0,123,5,8,1141,1998,1998,258000
969,716,253,440,969,TA,10356,120.0,0,6,5,969,1975,1975,122000
894,0,894,1248,894,TA,18000,120.0,20,4,3,894,1935,1950,81000
1028,0,1008,360,1028,TA,8960,56.0,0,6,5,1008,1927,1950,115000
979,484,495,492,1958,TA,7136,82.0,0,6,6,979,1946,1950,145000
1795,0,1795,895,1795,Gd,9986,75.0,49,5,8,1795,2006,2007,147000
1940,1646,284,606,1940,Ex,10159,83.0,95,5,9,1930,2009,2010,395192
1178,1084,92,439,1178,Gd,10000,80.0,0,6,5,1176,1973,2000,157000
810,156,516,400,1482,Fa,12155,69.0,0,8,6,672,1925,1950,140000
1428,0,1417,554,1428,Ex,12274,91.0,60,5,7,1417,2008,2008,227680
864,460,404,338,864,TA,15523,36.0,0,6,5,864,1972,1972,133500
616,236,0,200,1111,TA,9084,60.0,0,6,5,616,1941,1950,95000
680,310,370,420,1470,TA,9765,69.0,63,8,6,680,1993,1993,185000
1116,0,1116,440,1116,TA,10000,87.0,0,6,6,1116,1962,1962,160000
864,414,450,288,864,Gd,7332,60.0,0,6,6,864,1959,1959,120000
1297,1213,84,498,1297,TA,8532,74.0,0,6,5,1297,1954,1990,153000
1113,607,506,264,1113,Gd,9600,80.0,80,7,5,1113,1950,2007,147000
1501,679,811,577,1501,Gd,10335,78.0,29,5,7,1490,1999,1999,204000
764,24,732,614,1547,Gd,8640,72.0,45,5,7,756,2009,2009,215200
991,222,769,678,1947,Gd,12552,100.0,136,5,7,991,2004,2005,254900
1717,0,1709,908,1717,Gd,11146,87.0,39,5,8,1709,2006,2006,255500
1052,504,506,440,1052,TA,8816,80.0,0,7,6,1010,1971,1971,155000
1127,862,255,455,2013,TA,9920,92.0,130,5,7,1117,1996,1997,269790
1266,0,1266,388,1266,Gd,3182,43.0,16,5,7,1266,2007,2007,159895
1992,240,1752,716,2868,Ex,16056,85.0,108,5,9,1992,2005,2006,556581
980,300,652,554,2256,Gd,8795,69.0,54,5,7,952,2000,2000,236000
1414,24,1390,494,1414,Gd,8773,65.0,105,5,7,1414,2004,2004,185500
936,814,114,471,1721,Gd,8462,70.0,87,5,6,928,1994,1994,201000
811,550,163,434,1552,TA,11475,85.0,208,6,6,713,1975,1975,179900
698,0,698,528,1128,TA,7500,60.0,0,4,4,698,1920,1950,68400
1118,522,574,358,1118,TA,9880,76.0,0,6,6,1096,1977,1977,171000
1728,936,396,574,1728,TA,12640,55.0,0,5,6,1728,1976,1976,150900
1686,1361,88,711,2448,Gd,46589,52.0,76,7,8,1629,1994,2005,402000
1473,1324,113,452,1473,Ex,25095,65.0,48,8,5,1437,1968,2003,143000
1187,902,254,400,1717,Gd,13758,44.0,36,5,7,1156,1990,1991,187500
1166,655,201,400,1166,Gd,9587,59.0,0,5,7,856,2005,2005,190000
1370,24,1346,484,1370,Gd,6442,44.0,49,5,8,1370,2006,2006,202500
1724,528,1152,480,1724,TA,17871,69.0,0,5,6,1680,1967,1976,197900
970,0,970,380,1709,Gd,2522,24.0,40,5,7,970,2004,2004,130000
483,358,125,264,987,TA,1680,21.0,0,3,6,483,1971,1971,89500
901,352,441,216,1802,TA,7588,54.0,0,6,7,793,1920,1950,200100
1170,503,449,360,2345,TA,16560,80.0,0,8,6,952,1932,1950,239000
1068,663,396,264,1068,TA,8414,70.0,0,8,6,1059,1963,2003,154500
1617,165,598,533,1617,Gd,8012,50.0,69,5,6,1604,1993,1994,193000
1244,777,467,336,1244,TA,11988,90.0,40,6,6,1244,1957,1957,150000
1180,0,700,252,1180,Fa,11600,80.0,0,5,4,700,1922,1950,137500
520,0,600,480,1223,Gd,2544,24.0,166,5,7,600,2005,2005,147400
1686,625,0,612,1686,TA,10240,79.0,131,6,6,1686,1980,1980,207500
1646,1513,125,800,1646,Gd,9520,71.0,44,5,8,1638,2007,2008,293077
1144,594,270,264,1144,TA,10000,80.0,0,6,5,864,1961,1983,131400
939,0,939,639,1797,Gd,9245,79.0,53,5,7,939,2006,2006,213500
1224,0,0,462,1224,TA,9842,70.0,0,5,4,0,1962,1962,101800
992,735,257,839,1865,Gd,10316,69.0,184,5,7,992,2000,2000,235000
1056,846,210,308,1056,TA,8176,70.0,0,6,5,1056,1958,1992,139000
1966,0,1926,820,3140,Ex,13518,104.0,78,5,9,1926,2008,2009,485000
1212,506,0,492,1212,TA,8471,88.0,12,7,6,506,1977,1995,151000
1694,1369,317,636,1694,Gd,10084,75.0,57,5,8,1686,2004,2005,307000
802,714,88,413,1511,TA,11207,70.0,75,5,6,802,1997,1997,185000
1057,731,326,246,1057,Gd,7922,68.0,52,7,5,1057,1953,2007,109000
1246,0,777,560,2290,TA,11340,60.0,0,6,4,777,1885,1950,122500
1377,1002,0,786,2183,Gd,13837,69.0,0,5,7,1204,1988,1988,229000
1699,1470,203,594,3222,Gd,12376,90.0,0,5,7,1673,1990,1990,320000
909,0,880,512,1716,Gd,8750,70.0,120,5,7,880,1996,1996,191000
1342,251,491,457,1342,TA,9790,69.0,0,5,6,1372,1967,1967,161500
1504,16,1330,437,1504,Gd,3182,43.0,20,5,7,1346,2005,2006,191000
1053,0,1053,648,1992,Gd,9375,75.0,45,5,8,1053,2003,2004,250000
624,510,90,462,1252,Gd,2160,24.0,48,5,7,600,1999,2000,160000
999,588,411,264,999,Gd,7758,69.0,132,7,5,999,1962,2001,132500
741,0,622,528,1363,TA,7740,60.0,0,7,4,622,1910,1950,125500
1165,312,276,490,1165,TA,9020,82.0,129,7,6,1127,1966,1966,174900
1668,1059,567,702,1668,Gd,11248,90.0,45,5,9,1626,2002,2002,285000
1158,0,1158,853,2376,Gd,14215,101.0,154,5,8,1158,2005,2006,325300
889,0,540,352,1440,TA,5000,63.0,0,4,5,540,1900,1950,79000
794,182,612,388,1470,TA,13869,69.0,75,6,6,794,1997,1997,177000
1541,1201,340,532,1541,Gd,12182,95.0,70,5,7,1541,2005,2005,220000
1440,133,1307,0,1440,Fa,12108,92.0,0,4,4,1440,1955,1955,118000
1146,786,82,438,1146,Gd,9590,73.0,22,5,7,868,2003,2003,187500
1494,437,0,481,1494,Ex,9549,30.0,30,5,8,1494,1995,1996,270000
1462,1170,292,738,2224,Ex,8834,74.0,0,5,9,1462,2004,2005,350000
820,0,731,186,1343,TA,7681,54.0,0,6,5,731,1921,1950,154900
1210,281,747,683,2452,Gd,16226,66.0,50,5,8,1028,1998,1999,267000
1127,442,374,540,1977,TA,9500,100.0,52,6,6,816,1964,1978,165000
1064,495,354,504,1767,Gd,5306,44.0,35,7,7,1064,1987,1987,239000
1324,863,461,550,1324,Gd,6240,48.0,38,5,8,1324,2006,2006,254000
912,0,912,330,1458,TA,17503,78.0,0,5,6,912,1948,1950,97500
1314,24,1290,440,1314,Gd,9317,78.0,22,5,6,1314,2006,2006,176432
1575,430,1145,529,1575,Gd,8012,50.0,0,5,6,1575,1992,1992,179200
1620,1022,598,912,1620,Ex,12898,89.0,0,5,9,1620,2007,2008,315500
1104,0,1104,304,1788,TA,11250,69.0,0,5,4,1104,1957,1989,161500
913,187,0,240,913,TA,8400,70.0,0,5,6,814,1966,1966,129000
2073,790,589,500,2073,TA,13175,85.0,0,6,6,1542,1978,1988,210000
764,0,776,492,1441,Gd,2645,24.0,0,5,8,776,1999,2000,174000
815,0,815,225,1690,TA,8850,65.0,0,6,7,815,1916,1950,144000
1437,988,200,576,1437,TA,14175,69.0,0,6,5,1188,1956,1987,168000
2156,297,1203,508,2156,TA,20781,69.0,80,7,7,1568,1968,2003,262500
864,468,396,0,864,TA,5604,67.0,0,6,5,864,1925,1950,98000
536,129,175,336,1112,TA,2592,36.0,0,3,5,536,1976,1976,85000
1122,700,0,746,2243,Gd,13474,116.0,44,5,7,700,1990,1991,225000
810,0,686,210,1328,TA,9906,57.0,172,4,4,686,1925,1950,107000
968,0,656,216,968,TA,10800,60.0,0,6,4,656,1927,2007,64500
698,0,698,384,1396,TA,8730,60.0,0,7,6,698,1915,2003,153575
1856,1445,411,834,1856,Ex,11394,88.0,0,2,9,1856,2010,2010,394432
1610,1288,294,789,2161,Ex,10562,86.0,120,5,8,1582,2007,2007,325624
1602,1246,356,529,1602,Gd,16635,69.0,0,7,6,1602,1977,2000,215000
630,0,630,280,1302,TA,1680,21.0,0,5,5,630,1971,1971,112000
807,457,326,393,1509,Gd,7861,69.0,75,5,6,783,2002,2003,183200
912,737,175,352,912,TA,12968,69.0,0,6,5,912,1962,1962,144000
1004,399,605,420,1664,TA,5000,50.0,24,7,6,1004,1947,1950,159000
1390,423,758,576,1694,TA,8400,60.0,0,5,6,1181,1925,1950,136500
747,0,747,220,747,TA,4608,47.0,0,6,4,747,1945,1950,80000
1040,0,0,420,1040,TA,7200,60.0,29,5,4,0,1950,1950,109900
831,0,831,493,1660,Gd,8935,68.0,68,5,7,831,2002,2002,195000
1026,218,808,308,1691,Gd,5000,50.0,0,6,5,1026,1924,1950,127000
864,398,317,720,864,Gd,7200,60.0,0,8,5,864,1950,2002,129000
752,623,0,264,752,TA,7175,50.0,0,5,6,744,1984,1984,125000
963,361,602,564,1792,Gd,12435,80.0,96,5,7,963,2001,2001,231500
764,0,764,474,1626,Gd,2628,36.0,27,5,7,764,2003,2003,175500
1484,428,1048,472,1484,Ex,9037,64.0,33,5,8,1476,2006,2006,265900
1675,0,1470,870,3493,Gd,18386,87.0,0,9,7,1470,1880,2002,295000
1652,1572,80,840,1652,Ex,13173,108.0,102,5,9,1652,2006,2007,325000
1276,0,1276,350,1276,TA,9571,68.0,0,3,5,1276,1958,1958,60000
1112,120,736,271,1668,TA,9600,80.0,0,8,6,856,1950,2005,140000
720,0,720,0,1192,TA,10800,60.0,0,4,4,720,1949,1950,135000
884,747,0,504,884,Gd,9180,69.0,0,7,5,840,1983,1983,144000
1180,1065,92,454,2062,TA,14364,69.0,55,5,7,1157,1988,1989,277000
827,0,0,392,827,TA,7200,60.0,0,7,5,0,1955,2007,107500
1136,0,728,532,2019,Gd,11414,60.0,135,8,7,728,1910,1993,167500
616,0,264,336,1304,TA,2665,69.0,24,6,5,264,1976,1976,115000
684,0,684,216,1368,TA,3600,60.0,158,7,6,684,1910,1993,114504
840,0,840,379,1605,TA,5790,60.0,0,6,3,840,1915,1950,107400
2020,1436,570,900,2020,Ex,12220,94.0,54,5,10,2006,2009,2009,402861
625,0,625,528,1250,Gd,4251,35.0,54,5,7,625,2006,2007,164700
1624,1456,168,757,1624,Gd,12461,89.0,114,5,8,1624,1994,1995,262000
845,565,280,360,845,TA,7599,69.0,0,6,4,845,1982,2006,129500
1389,1071,195,418,1389,TA,10010,77.0,38,5,5,1389,1974,1975,170000
968,0,968,480,968,TA,8520,60.0,0,6,5,968,1923,2006,100000
546,0,546,286,1092,TA,2001,21.0,0,5,4,546,1970,1970,75000
848,685,163,420,848,Gd,4435,69.0,0,5,6,848,2003,2004,144000
1269,374,363,308,1269,TA,7931,70.0,0,6,5,1269,1960,1960,155000
1092,170,252,288,1092,TA,11616,69.0,20,5,5,1092,1962,1962,139000
1468,795,0,539,2263,Gd,16659,69.0,250,7,7,795,1977,1994,235000
952,228,724,283,952,TA,8475,69.0,0,7,4,952,1956,1956,135750
736,0,736,0,1452,TA,4456,33.0,0,5,4,736,1920,2008,113000
1039,841,198,504,1039,TA,11625,75.0,0,4,5,1039,1965,1965,131500
1204,866,338,412,1204,TA,4500,32.0,247,5,6,1204,1998,1998,162000
1117,422,480,672,1117,TA,7819,94.0,0,5,6,1029,1976,1976,107000
2196,485,1496,701,2196,Gd,14684,90.0,70,7,7,2158,1990,1991,271900
985,595,390,328,985,TA,8385,65.0,0,8,5,985,1977,1977,149900
1629,1124,1603,880,1629,Gd,10655,85.0,0,5,8,3206,2003,2004,284000
877,0,861,216,1477,TA,6292,52.0,50,7,7,861,1928,1950,145000
980,560,420,484,980,TA,7064,71.0,0,6,5,980,1977,1977,135000
1166,728,367,590,2295,Gd,13346,69.0,40,5,7,1095,1992,2000,268000
900,0,602,180,1502,Gd,10592,55.0,0,7,6,602,1923,1996,165000
1575,0,697,432,2201,Gd,19690,69.0,236,7,6,697,1966,1966,274970
1050,789,245,836,2078,Ex,10800,85.0,102,5,8,1034,2007,2008,339750
800,0,264,0,800,Fa,6120,51.0,0,3,2,264,1936,1950,60000
1578,0,1573,840,1578,Ex,9262,78.0,36,5,8,1573,2008,2009,287090
1932,1336,596,774,1932,Ex,12444,96.0,66,5,8,1932,2008,2008,394617
1507,666,409,404,1507,TA,7910,70.0,0,5,5,1075,1960,1960,127000
900,450,432,280,900,TA,9819,69.0,0,5,5,882,1967,1967,122000
1718,1172,528,786,1718,Ex,12456,96.0,48,5,10,1700,2006,2007,337500
1089,0,636,240,1750,Ex,9000,50.0,0,6,5,636,1880,1991,124000
1383,719,660,834,2398,Gd,11787,95.0,60,5,7,1379,1996,1997,315750
774,0,774,680,1968,Ex,12003,92.0,75,5,8,774,2009,2010,269500
1536,810,726,532,1536,Gd,9135,70.0,74,5,7,1536,2002,2003,214000
864,203,661,200,864,TA,8212,45.0,0,3,3,864,1914,1950,58500
3228,1231,1969,546,3228,Gd,12692,69.0,75,5,8,3200,1992,1993,430000
1518,1351,83,670,2149,Gd,12822,48.0,43,5,7,1434,2003,2003,239686
1320,0,1240,864,2640,Gd,11700,65.0,0,7,7,1240,1880,2003,265979
1682,0,1304,530,1682,TA,10400,80.0,0,6,7,1304,1970,1970,174000
1038,0,1030,878,2098,Ex,10240,80.0,52,5,8,1030,2005,2005,275500
864,553,0,360,864,TA,8281,60.0,0,5,5,864,1965,1965,62383
1168,562,29,530,1968,TA,11075,69.0,189,4,5,784,1969,1969,172000
1097,338,702,480,1097,TA,9672,81.0,0,5,6,1040,1984,1985,152000
684,0,684,528,1196,Gd,12354,67.0,46,8,6,684,1920,2000,110000
1252,57,554,451,1920,Gd,13650,69.0,0,5,5,1052,1958,1958,172500
1728,231,1497,576,1728,TA,13101,74.0,0,5,5,1728,1965,1965,142600
1128,804,324,577,2031,Gd,9473,75.0,211,5,8,1128,2002,2002,237000
1196,616,580,297,1196,TA,9000,72.0,44,5,6,1196,1956,1956,139000
803,116,604,360,803,TA,5000,50.0,0,6,5,720,1941,1950,87000
780,493,0,462,1620,TA,10793,80.0,0,5,5,780,1969,1969,152000
2097,1721,356,1134,2097,Ex,20896,49.0,267,5,8,2077,2005,2006,423000
1869,0,1869,617,1869,Ex,7820,68.0,54,5,9,1869,2007,2007,318061
956,0,930,431,1886,Gd,11214,69.0,0,5,7,930,1998,1999,199900
480,50,430,308,480,TA,9000,50.0,0,3,2,480,1949,1950,35311
1296,0,0,516,1296,TA,10791,72.0,0,5,4,0,1967,1967,90000
816,690,126,288,816,TA,8877,67.0,0,6,4,816,1938,1958,100000
1601,704,567,478,1601,TA,11880,82.0,0,5,7,1271,1978,1978,157000
962,0,936,451,1792,TA,10261,93.0,0,5,6,936,2000,2000,186500
1352,1012,326,796,2520,Gd,14541,69.0,55,7,8,1338,1993,1993,310000
1144,748,102,796,1144,TA,8163,70.0,0,6,5,1144,1959,1959,143000
990,0,612,621,2601,TA,9842,51.0,0,6,5,612,1921,1998,189000
972,0,972,312,1577,Fa,6435,65.0,0,5,6,972,1939,1950,140200
970,630,340,624,970,TA,8480,80.0,24,6,5,970,1963,1963,132500
2036,1236,80,513,2036,TA,215245,150.0,0,5,7,2136,1965,1965,375000
1026,439,115,440,1026,Gd,7930,61.0,48,8,6,1026,1969,2005,156000
698,0,698,0,698,TA,9405,50.0,200,9,5,698,1947,2008,118000
1533,655,878,576,1533,Gd,70761,62.0,54,5,7,1533,1975,1975,280000
854,360,360,660,1382,TA,12358,69.0,0,6,5,720,1941,1950,128500
1391,16,1375,530,1391,Gd,4282,59.0,158,5,7,1391,2004,2004,196000
1078,49,0,240,1078,Gd,9717,68.0,0,6,5,1078,1950,1996,142125
1296,1005,262,471,1296,Gd,6853,69.0,25,5,8,1267,2001,2002,220000
1442,608,834,301,1442,TA,9750,75.0,0,6,6,1442,1958,1958,157900
1024,0,940,0,1964,TA,8525,55.0,192,6,5,940,1911,1950,130000
1502,0,1502,644,1502,Gd,9541,79.0,114,5,7,1502,2009,2009,233170
1392,1040,352,458,1392,TA,11900,80.0,0,5,6,1392,1957,1957,166000
1768,0,1768,0,1768,TA,10778,72.0,0,5,4,1768,1968,1968,136500
1582,812,812,390,1582,TA,36500,69.0,198,5,5,1624,1964,1964,190000
958,498,460,301,958,TA,12772,69.0,0,8,6,958,1960,1998,151500
894,777,117,600,894,TA,7200,60.0,0,5,5,894,1972,1972,123000
1224,883,341,402,1224,TA,4500,69.0,304,5,6,1224,1999,1999,165000
1742,1280,402,846,2332,Ex,12474,96.0,134,5,10,1682,2007,2008,426000
1269,24,1232,430,1269,Gd,3182,43.0,20,5,8,1256,2004,2005,192000
1776,80,1652,712,1776,Gd,15306,93.0,0,5,8,1732,2006,2007,283463
728,0,728,390,1456,Gd,8461,65.0,24,5,6,728,2005,2006,163990
1194,655,0,539,1194,TA,8910,79.0,0,6,6,655,1959,1959,159500
1008,643,365,240,1008,Gd,8923,66.0,18,7,5,1008,1953,2006,134500
1555,16,1357,430,1555,Gd,3182,43.0,20,5,7,1373,2005,2006,192500
892,0,747,180,1784,TA,13132,96.0,40,5,5,747,1914,1950,138887
1108,0,637,280,1108,Gd,7449,57.0,0,7,7,637,1930,1950,139400
754,0,384,400,1394,Gd,9735,73.0,0,5,5,384,2006,2007,167500
980,394,586,496,1714,TA,10421,80.0,66,5,7,980,1988,1988,196500
882,0,0,294,882,TA,8339,69.0,0,7,5,0,1959,1959,106500
1306,0,728,0,1306,Fa,5350,55.0,0,2,3,728,1940,1966,76500
626,0,626,288,1217,TA,10762,75.0,28,6,6,626,1980,1980,120000
990,495,495,299,990,TA,8775,65.0,64,5,5,990,1994,1994,126000
1132,0,1117,691,2452,Gd,13418,108.0,32,5,8,1117,2004,2005,309000
848,685,163,420,848,Gd,4435,69.0,0,5,6,848,2003,2003,140000
697,551,121,300,1369,TA,6629,54.0,0,6,6,672,1925,1950,103600
1218,27,1191,676,1218,Gd,7862,75.0,102,5,6,1218,2009,2009,208300
1423,0,588,672,2555,TA,11526,79.0,0,7,6,588,1922,1994,191000
1247,1039,208,550,1247,Gd,3316,37.0,84,5,8,1247,2005,2005,197000
1542,896,434,619,2872,TA,12227,69.0,282,7,6,1330,1977,1995,272000
1652,1480,120,482,1652,Gd,5587,64.0,53,5,8,1600,2008,2008,392500
1844,705,1139,546,1844,TA,11751,105.0,122,6,6,1844,1977,1977,190000
1113,341,772,689,1971,Gd,9675,75.0,48,5,7,1113,2005,2005,253000
1007,0,982,463,1800,TA,8123,60.0,63,5,6,982,2000,2000,179000
1062,750,300,574,1949,Gd,9938,80.0,90,5,7,1050,1993,1994,236000
630,150,0,0,630,TA,1491,21.0,24,6,4,630,1972,1972,75500
1494,922,572,530,1494,Gd,12803,88.0,36,5,7,1494,2002,2002,221000
600,0,600,0,968,TA,5925,50.0,0,6,3,600,1910,1950,37900
1274,925,349,508,1274,Gd,8814,68.0,98,5,7,1274,2005,2007,203000
1520,674,350,364,1520,TA,9600,80.0,0,6,6,1156,1955,1972,153000
1285,0,660,528,1285,TA,8197,71.0,0,5,6,660,1977,1977,143500
807,0,783,393,1509,Gd,7875,63.0,75,5,7,783,2003,2003,180000
1142,0,793,550,1935,TA,12384,69.0,113,7,7,793,1976,1976,197900
816,816,0,0,816,TA,11841,81.0,32,5,6,816,1990,1990,118500
1200,833,343,555,1200,Gd,10083,67.0,41,5,7,1176,2003,2003,184900
997,0,941,548,1470,TA,8172,60.0,0,6,4,941,1954,1972,135000
1656,639,441,528,1656,TA,31770,141.0,62,5,6,1080,1960,1960,215000
792,0,768,240,792,Gd,9022,52.0,0,8,5,768,1924,2006,109500
1694,0,1694,818,1694,Gd,12030,93.0,228,5,8,1694,2007,2007,318000
1800,1274,526,765,1800,Gd,14331,85.0,78,5,8,1800,2002,2002,312500
1422,0,662,560,2337,TA,13600,85.0,57,5,5,662,1900,1950,90000
1168,196,844,315,1846,TA,10496,78.0,0,6,6,1040,1949,1950,143000
1026,505,0,576,1026,TA,10970,69.0,0,6,6,940,1978,1978,147000
904,0,876,408,904,TA,7162,69.0,0,7,5,876,1966,1966,109900
1126,936,190,484,1126,TA,17400,80.0,41,5,5,1126,1977,1977,160000
1136,970,166,872,2468,Gd,12099,99.0,154,5,8,1136,2004,2004,354000
988,938,0,540,988,TA,21453,69.0,130,5,6,938,1969,1969,180000
1052,1016,36,288,1052,TA,8400,70.0,0,5,5,1052,1968,1968,138500
572,0,572,0,1096,TA,9600,60.0,8,5,6,572,1924,1950,79000
1141,0,1141,484,1141,TA,13072,63.0,0,5,6,1141,2005,2005,142500
1012,247,485,484,1790,TA,10400,80.0,0,5,6,732,1972,1972,165150
1004,668,336,660,1852,Gd,9066,73.0,106,5,8,1004,1999,2000,230000
520,490,30,0,754,TA,6780,60.0,0,8,6,520,1935,1982,84500
624,0,624,513,1344,TA,4571,34.0,0,5,5,624,1916,1950,98000
2207,912,1035,576,2207,TA,19900,69.0,0,5,7,1947,1970,1989,180000
1307,0,907,360,2358,TA,45600,75.0,40,8,6,907,1908,1997,240000
1175,575,487,831,2715,Gd,8963,69.0,204,9,8,1142,1976,1996,299800
1364,659,705,484,1364,Gd,7052,43.0,36,5,7,1364,2005,2005,185850
1253,0,1237,402,1253,TA,7875,63.0,21,5,7,1237,1995,1996,176000
1328,569,678,528,1328,TA,9790,69.0,26,5,6,1328,1963,1963,143000
1422,0,978,286,1422,TA,12342,69.0,0,5,5,978,1960,1978,139900
1186,454,314,486,1986,TA,13600,85.0,42,6,7,768,1965,1990,205000
952,0,952,192,952,Fa,8854,69.0,98,6,6,952,1916,1950,121000
1660,1220,440,500,1660,Gd,10182,85.0,50,5,8,1660,2006,2006,290000
2234,1904,312,1166,2234,Ex,17423,63.0,60,5,9,2216,2008,2009,501837
790,384,384,160,790,TA,6292,52.0,141,5,6,768,1930,1950,91000
1340,24,1316,396,1340,Gd,8899,73.0,30,5,7,1340,2007,2007,181134
1610,1200,410,480,1610,Gd,10603,69.0,68,7,6,1610,1977,2001,205000
1361,498,652,600,2620,TA,18890,69.0,24,5,5,1361,1977,1977,190000
1248,16,1232,438,1248,Gd,3010,43.0,0,5,7,1248,2005,2006,167240
912,832,80,288,912,Gd,6768,65.0,0,8,6,912,1961,1996,142000
943,828,115,472,1638,TA,9042,59.0,38,5,6,943,1998,1998,192000
1622,1159,90,1356,1622,TA,32463,69.0,0,4,4,1249,1961,1975,168000
1436,774,104,180,2320,Gd,7259,61.0,0,8,6,1028,1945,2002,259500
1144,572,572,456,1144,TA,7875,75.0,0,6,5,1144,1961,1961,139950
848,182,611,281,1520,TA,4500,55.0,0,5,5,793,1932,2000,159434
1516,196,975,472,1516,TA,10004,100.0,0,6,6,1516,1964,1964,167000
1498,0,1498,675,1498,Gd,8990,73.0,33,5,7,1498,2006,2006,204900
804,690,114,560,1961,Gd,12209,71.0,192,5,6,804,2001,2002,215000
728,0,728,440,1456,Gd,11103,85.0,0,5,7,728,2006,2006,155835
1207,0,1032,349,2403,TA,24090,69.0,0,7,7,1032,1940,1950,244400
1944,1274,622,708,1944,Ex,12378,90.0,175,5,9,1896,2003,2004,360000
1368,0,1368,474,1368,Gd,6955,48.0,35,5,7,1368,2005,2006,202500
882,633,240,588,1790,Gd,9179,68.0,88,5,7,873,1999,1999,193000
1476,1330,122,858,2713,Ex,14948,67.0,66,5,9,1452,2008,2008,446261
720,0,720,312,1271,TA,21286,115.0,0,5,5,720,1948,1950,135000
1872,929,916,604,1872,TA,10400,80.0,39,5,7,1845,1988,1988,241500
1190,828,180,577,2090,Gd,5062,69.0,0,5,7,1190,1984,1984,207500
882,706,88,546,1796,TA,9531,69.0,36,5,6,794,1998,1998,211000
1302,0,1302,436,1302,Gd,8993,73.0,22,5,7,1302,2007,2007,176485
2524,1104,1420,542,2524,Gd,9600,80.0,120,5,8,2524,1981,1981,278000
840,315,420,338,1374,TA,5400,90.0,0,6,4,840,1920,1950,105000
764,567,197,474,1626,Gd,2268,36.0,27,5,7,764,2003,2004,173000
735,0,735,240,1034,TA,10134,60.0,39,6,5,735,1940,1950,109000
1518,1218,300,588,1518,Ex,12677,62.0,140,5,8,1518,2003,2004,274000
1226,224,816,240,1818,TA,7758,69.0,0,4,7,1040,1931,1950,169500
1661,0,1649,598,1661,Gd,12137,48.0,34,5,7,1649,1998,1998,224900
1096,297,0,432,1991,TA,11275,69.0,0,7,6,854,1932,1950,220000
832,624,26,324,1482,TA,9000,50.0,0,9,7,650,1920,1988,143000
1742,1148,594,564,1742,Gd,6563,69.0,28,5,8,1742,1985,1985,275000
686,0,686,280,1250,Fa,8248,45.0,0,7,5,686,1918,1950,116000
816,0,816,528,1176,TA,6240,52.0,0,6,6,816,1934,1950,114500
927,789,119,506,1915,Gd,10041,80.0,150,5,8,908,1992,1992,220000
1192,388,552,240,1595,TA,8400,60.0,0,5,6,940,1940,2000,140000
1661,831,161,377,1661,Gd,9600,80.0,28,6,6,992,1955,1996,165500
832,544,288,552,1935,TA,8004,75.0,150,5,8,832,2009,2009,263435
1795,0,1777,534,1795,Gd,9742,75.0,159,5,8,1777,2002,2002,230000
847,0,847,434,1928,Gd,8200,65.0,48,5,7,847,2003,2004,219500
1159,673,378,336,1159,TA,11553,69.0,0,5,5,1051,1968,1968,158000
855,311,544,440,1456,TA,2280,24.0,0,5,6,855,1978,1978,146000
1137,341,457,431,1954,Gd,15660,69.0,119,9,7,798,1939,2006,311500
2028,1460,408,880,2028,Gd,11443,88.0,66,5,8,1868,2005,2006,369900
2898,1165,0,665,2898,Gd,15498,69.0,72,6,8,1565,1976,1976,287000
814,533,281,663,1674,Gd,7500,69.0,96,5,7,814,2000,2000,216000
974,212,762,0,974,TA,10712,63.0,28,5,5,974,1991,1992,93500
1091,932,133,586,1989,Gd,11367,90.0,60,5,8,1065,2002,2002,255000
1080,50,499,678,2097,Gd,11228,59.0,187,5,7,1080,1993,1993,228000
1442,0,1424,500,1442,TA,11851,99.0,34,5,7,1424,1990,1990,180500
1130,821,299,720,1130,TA,10800,60.0,0,6,5,1120,1920,1950,120000
1133,329,697,240,1820,TA,9120,60.0,100,6,7,1026,1925,1950,184000
1378,0,689,583,2119,TA,10448,69.0,104,6,6,689,1972,1972,158000
1264,0,1234,666,2576,Ex,12438,82.0,100,5,8,1234,2006,2006,361919
780,0,780,0,1020,TA,6342,54.0,0,8,5,780,1875,1996,94000
1095,0,1095,779,1774,TA,9600,60.0,0,2,4,1095,1900,1950,87000
904,350,333,0,904,Fa,10020,69.0,0,1,1,683,1922,1950,61000
673,641,32,490,1382,Gd,2651,69.0,50,5,7,673,2000,2000,165000
1518,0,1107,840,3608,Ex,22950,90.0,260,9,10,1107,1892,1993,475000
1178,0,1008,205,2210,Fa,9900,90.0,48,4,6,1008,1880,1950,117500
806,0,806,373,1572,TA,10364,69.0,40,5,6,806,1995,1996,168000
1824,1219,424,739,1824,Gd,115149,69.0,48,5,7,1643,1971,2002,302000
1056,775,281,304,1056,TA,8450,65.0,85,6,5,1056,1968,1968,142000
949,392,392,392,1221,TA,9738,60.0,0,7,5,784,1924,1950,104900
1362,288,700,504,1362,TA,10197,80.0,20,5,6,1362,1961,1961,163000
848,697,151,420,848,Gd,4426,69.0,0,5,6,848,2004,2004,141000
1434,20,1434,527,1434,Gd,8529,65.0,39,5,7,1454,2001,2001,189000
1208,664,544,628,1208,Gd,6762,64.0,54,5,7,1208,2007,2007,195400
1096,626,170,566,1466,Gd,10800,60.0,21,8,5,796,1936,1989,170000
1987,1314,672,691,1987,Gd,14303,91.0,36,5,8,1986,1994,1994,301500
1325,1173,138,983,2418,Gd,10542,96.0,154,5,7,1311,1993,1994,341000
1314,904,410,626,1314,Gd,5063,34.0,62,5,7,1314,2007,2008,207500
970,0,970,380,1709,Gd,2522,24.0,40,5,7,970,2004,2004,137500
672,0,672,0,1218,TA,1680,21.0,0,5,6,672,1971,1971,91500
1440,256,1184,0,3395,Fa,10896,60.0,110,7,6,1440,1914,1995,200000
1200,1200,0,0,1200,TA,10800,60.0,0,5,5,1200,1987,1988,179000
912,111,522,297,912,TA,7535,70.0,285,7,5,912,1958,1985,120000
2444,1455,989,832,4316,Ex,21535,104.0,50,6,10,2444,1994,1995,755000
856,706,150,548,1710,Gd,8450,65.0,61,5,7,856,2003,2003,208500
1234,0,1181,656,2374,Ex,11999,93.0,100,5,8,1181,2003,2004,285000
860,275,429,234,1564,Fa,12000,75.0,0,7,7,704,1941,1950,174500
1466,176,1290,528,1466,Fa,17755,134.0,140,4,5,1466,1959,1959,149900
1383,565,818,292,1383,TA,11600,80.0,45,5,6,1383,1960,1960,145250
1535,0,0,410,1535,TA,7018,64.0,0,5,5,0,1979,1979,118964
990,716,274,576,990,TA,13568,43.0,0,5,5,990,1995,1995,156000
918,364,554,240,1646,TA,7128,53.0,0,5,7,918,1941,1950,164000
908,0,1020,440,1928,Fa,9142,69.0,60,8,6,1020,1910,1950,137000
1040,315,114,550,1725,TA,11584,80.0,88,6,7,539,1979,1979,197000
2129,700,983,541,2872,Gd,10678,85.0,33,5,8,1683,1992,2000,285000
1092,500,176,576,2112,TA,11075,85.0,0,5,6,952,1969,1969,206900
757,672,0,240,1324,TA,6000,50.0,0,6,4,672,1936,1950,128000
520,0,600,480,1200,Gd,3180,30.0,166,5,7,600,2005,2005,144152
672,456,216,468,1344,TA,10690,59.0,128,7,5,672,1920,1997,147000
840,0,840,500,1668,Gd,11317,72.0,68,5,7,840,2003,2003,180000
1040,0,0,400,1040,TA,8544,60.0,0,4,3,0,1950,1950,93500
900,234,180,576,900,Gd,7200,60.0,32,7,5,900,1951,2000,134800
1559,338,1221,812,1559,TA,8100,90.0,116,6,5,1559,1948,1973,153500
948,492,372,248,948,TA,10215,75.0,0,5,4,864,1954,1954,111000
923,543,261,264,923,TA,8012,50.0,0,5,6,923,1980,1980,143000
1552,24,1528,782,1552,Gd,10084,84.0,20,5,7,1552,2005,2006,212900
961,216,540,642,1717,Gd,9550,60.0,35,5,7,756,1915,1970,140000
1721,570,891,440,1721,TA,10335,78.0,96,6,5,1461,1968,1993,180000
483,330,153,264,987,TA,1680,21.0,0,5,6,483,1973,1973,100000
1200,334,322,521,1200,Gd,11249,105.0,26,5,6,1200,1995,1995,177500
1148,292,476,281,1716,TA,11409,60.0,0,4,5,768,1949,2008,131000
894,553,224,336,894,TA,8450,65.0,144,8,5,894,1965,2009,138500
1771,0,0,336,1771,TA,21750,100.0,0,4,5,0,1960,2006,115000
1173,885,0,528,1173,Gd,10625,85.0,120,6,7,1053,1974,1974,170000
1287,72,733,576,1287,Gd,9830,69.0,17,7,5,1063,1959,2006,162000
1382,547,504,459,1382,TA,11235,75.0,82,5,4,1051,1963,1979,148000
1214,565,638,721,2520,Gd,9950,82.0,114,5,7,1203,1995,1995,290000
1215,585,630,297,1215,TA,12400,66.0,0,7,6,1215,1958,1998,155000
1203,740,425,844,2526,Gd,10120,92.0,78,5,8,1165,1994,1994,290000
600,0,600,480,1200,Gd,3182,30.0,172,5,7,600,2004,2005,151000
1728,1606,122,560,1728,TA,9297,63.0,0,5,5,1728,1976,1976,188000
902,0,576,480,1710,TA,10300,50.0,11,6,7,576,1921,1950,140000
1407,1074,322,870,2392,Gd,9452,82.0,70,5,8,1396,1997,1998,348000
1014,402,594,457,1744,Gd,9453,69.0,70,7,7,996,1993,2003,194500
822,0,813,562,1665,Gd,8125,65.0,0,6,7,813,2007,2007,205950
1282,984,280,792,2696,Ex,9965,77.0,184,5,7,1264,2007,2007,383970
864,616,248,528,864,TA,9000,60.0,0,6,4,864,1971,1971,120500
672,344,328,234,672,TA,9340,50.0,113,6,4,672,1941,1950,113000
1320,328,285,564,1320,TA,11777,96.0,68,6,5,1164,1966,1966,164500
958,120,958,440,958,TA,4928,69.0,205,5,6,1078,1976,1976,128000
1710,0,1710,550,1710,Gd,12118,43.0,48,5,7,1710,2004,2005,240000
1265,633,586,502,1265,Gd,9350,85.0,92,8,5,1219,1965,1999,179900
1456,0,1273,400,1456,Gd,3196,69.0,20,5,8,1273,2003,2003,215000
1067,0,927,576,1539,TA,6120,51.0,0,6,5,927,1936,1950,141500
1959,0,1907,766,1959,TA,11070,82.0,0,5,7,1907,1988,1989,171000
1008,0,1008,0,1522,TA,6000,60.0,0,5,5,1008,1926,1950,102000
1124,0,0,0,1124,TA,8335,77.0,36,5,5,0,1954,1954,93000
1107,859,216,484,2090,TA,10382,69.0,204,6,7,1107,1973,1973,200000
1214,698,420,461,1214,TA,9170,70.0,0,7,5,1214,1965,1965,140000
1779,306,372,454,1779,TA,17920,102.0,418,4,5,1763,1955,1974,170000
1629,1300,316,808,1629,Gd,14536,85.0,252,5,8,1616,2002,2003,270000
1554,24,1530,627,1554,Gd,4590,34.0,73,5,8,1554,2006,2006,209500
993,0,964,642,2236,Gd,13006,69.0,0,5,7,964,1997,1997,222000
796,0,796,0,796,TA,3636,40.0,0,4,4,796,1922,1950,55000
840,0,840,308,1680,TA,15576,63.0,0,7,6,840,1915,1976,177000
848,686,162,420,848,Gd,4435,37.0,0,5,6,848,2003,2003,136500
1142,874,268,528,1142,TA,4224,44.0,90,5,5,1142,1976,1976,134000
1252,429,93,564,1252,TA,13500,69.0,0,7,6,1602,1960,1975,235000
1684,28,1656,564,1684,Ex,8849,63.0,72,5,9,1684,2005,2005,266000
2000,1464,536,888,2000,Gd,10386,80.0,0,5,8,2000,2004,2005,305900
1616,0,1616,834,1616,Gd,8688,73.0,59,5,7,1616,2005,2005,232000
1299,990,309,531,1872,Ex,11885,69.0,122,5,8,1299,2001,2001,261500
1042,0,1042,225,1576,TA,6240,52.0,0,6,5,1042,1928,1950,149000
1175,421,386,575,1982,Gd,11287,82.0,84,6,7,807,1989,1989,228500
988,534,246,276,988,TA,7200,60.0,80,7,5,876,1950,1950,119000
1844,976,868,620,1844,Gd,10994,88.0,44,5,8,1844,2005,2006,257000
1258,656,602,528,1258,Gd,11040,80.0,0,7,6,1258,1971,2004,145000
1288,786,474,500,1288,Ex,14963,38.0,30,5,8,1260,1996,1996,245500
1634,0,1626,866,1634,Gd,11428,98.0,44,5,8,1626,2006,2006,250000
855,257,103,440,1322,TA,2308,24.0,0,5,6,855,1974,1974,147000
707,0,707,403,1414,Gd,9056,74.0,35,5,8,707,2004,2004,178000
1504,690,814,478,1504,Gd,11883,73.0,66,5,7,1504,1996,1996,203000
1670,0,1670,690,1670,Gd,14859,50.0,60,5,7,1670,2006,2006,240000
1516,125,36,518,2167,Gd,17542,69.0,47,7,7,1192,1974,2003,294000
1069,559,510,440,1069,TA,4043,53.0,55,6,6,1069,1977,1977,140000
1072,547,0,525,1072,TA,3675,35.0,44,5,6,547,2005,2006,140000
1572,1159,413,995,1572,TA,35133,50.0,263,4,5,1572,1963,1963,186700
1188,1088,0,456,1869,TA,8820,98.0,0,6,5,1088,1890,1996,124900
882,0,882,0,882,TA,5500,55.0,0,6,4,882,1956,1956,103200
1922,1249,673,676,1922,Gd,14157,86.0,51,5,9,1922,2005,2006,377426
780,632,148,352,780,TA,7200,60.0,0,7,5,780,1972,1972,124900
1021,0,533,300,1601,TA,13825,85.0,34,6,5,533,1958,1987,140000
1530,1274,256,430,1530,Gd,16158,124.0,36,5,7,1530,2005,2005,260000
833,625,208,0,833,TA,8780,69.0,0,5,5,833,1985,1985,112000
679,331,318,308,1183,TA,6000,50.0,176,7,3,649,1948,2002,120000
1040,659,381,260,1040,TA,6897,69.0,104,8,5,1040,1962,2010,127000
1466,1150,316,1052,2828,Gd,9965,77.0,144,5,8,1466,2006,2007,424870
1032,280,752,288,1252,TA,9600,80.0,0,5,6,1032,1950,1950,119000
1246,340,0,305,1246,Gd,7500,75.0,0,7,5,1246,1959,1994,154000
904,0,884,180,904,TA,6000,50.0,0,7,6,884,1926,2004,119000
966,686,0,416,1652,TA,10800,60.0,0,6,5,686,1915,1950,139000
1036,375,457,288,1268,TA,12144,60.0,28,7,5,832,1949,1950,133000
1172,0,896,342,1913,TA,7558,57.0,0,6,6,896,1928,1950,177000
1358,733,625,484,1358,Gd,6371,44.0,35,5,7,1358,2009,2010,224000
1657,1237,420,484,1657,TA,12155,69.0,0,3,6,1657,1970,1970,163500
838,210,0,275,838,Fa,10267,55.0,0,7,6,816,1918,2000,130000
1022,772,220,390,2060,Gd,8755,69.0,0,5,7,992,1999,1999,214000
764,573,191,474,1626,Gd,2448,36.0,27,5,7,764,2003,2004,154000
663,371,292,299,1352,TA,9364,80.0,36,7,6,663,1969,1969,158000
968,368,359,240,1376,TA,9492,79.0,0,5,5,768,1941,1950,105000
849,326,389,240,1660,TA,11988,74.0,0,7,6,715,1934,1995,188700
616,0,616,432,1412,Gd,8499,73.0,36,5,6,616,2006,2007,156932
756,0,756,216,1469,TA,10320,60.0,0,7,6,756,1906,1995,135000
774,0,384,400,1430,TA,9967,76.0,0,5,7,384,2000,2000,170000
1094,500,594,495,1094,TA,10452,85.0,0,5,6,1094,1953,1953,155000
1826,1422,392,758,1826,Gd,11302,69.0,75,5,8,1814,2005,2006,319000
672,0,672,576,924,TA,8064,60.0,0,7,5,672,1949,2006,122900
1502,368,0,528,1502,Gd,6820,69.0,54,5,8,1488,1985,1985,212000
616,462,154,603,1688,Gd,12798,79.0,114,5,6,616,1997,1997,200000
1262,905,357,572,1262,Gd,7200,60.0,120,5,6,1262,2006,2006,185000
1905,0,1905,788,1905,Ex,11670,84.0,191,5,9,1905,2006,2006,320000
1153,252,901,541,2031,Gd,11404,75.0,84,5,7,1153,1998,1999,222500
1350,0,1064,478,1350,TA,10140,78.0,0,5,6,1064,1974,1974,165000
941,483,458,613,1829,Gd,9548,44.0,39,6,7,941,2003,2003,237000
965,641,187,300,965,TA,7800,60.0,0,5,5,828,1965,1965,119900
672,348,324,280,924,Fa,12180,60.0,0,4,4,672,1941,1950,80000
1055,0,1055,905,2263,Gd,9240,69.0,45,5,8,1055,2001,2002,287000
1236,626,501,540,2108,Gd,13728,120.0,0,7,6,1127,1935,1986,235000
1242,916,326,528,1242,TA,9600,80.0,0,6,7,1242,1973,1973,175500
989,0,884,240,1573,Gd,6120,51.0,0,7,4,884,1935,1995,133000
884,0,884,434,2035,Gd,9505,69.0,48,5,7,884,2001,2001,222500
1232,660,572,516,1232,TA,11120,69.0,0,6,6,1232,1984,1984,162500
1098,403,400,483,1964,TA,10480,80.0,69,6,7,803,1976,1976,205000
792,0,576,0,1140,TA,8800,55.0,160,7,4,576,1910,2004,96500
894,702,192,450,894,Gd,9764,57.0,0,7,5,894,1967,2003,130000
1512,619,435,619,2654,Gd,11029,69.0,65,7,6,1054,1968,1984,250000
768,660,108,396,768,TA,7200,60.0,0,8,5,768,1972,2003,133900
672,0,0,0,912,TA,6240,52.0,0,5,4,0,1947,1950,80500
1040,650,390,504,2080,Fa,11606,70.0,0,5,5,1040,1969,1969,135000
1040,732,308,576,1040,Gd,12464,82.0,0,5,5,1040,1996,1996,152000
1149,370,779,216,1616,Gd,5400,40.0,0,7,6,1149,1926,2004,152000
1047,0,641,273,1047,TA,10800,60.0,0,7,4,641,1885,1995,100000
1803,168,284,484,1803,TA,13125,88.0,0,4,5,1134,1957,2000,155000
832,0,832,528,832,Gd,7227,59.0,0,6,6,832,1954,1954,105500
894,180,340,384,894,TA,7094,99.0,0,5,5,894,1966,1966,125000
596,0,596,189,1192,TA,6402,60.0,0,5,5,596,1920,1950,78000
1850,1261,572,772,1850,Gd,16033,98.0,112,5,9,1833,2004,2005,326000
899,450,414,288,899,Gd,7800,65.0,0,7,5,864,1967,2004,130000
892,340,524,264,892,TA,9477,69.0,0,5,5,864,1966,1966,110000
1260,1046,168,506,2291,TA,7200,60.0,0,6,6,1214,1910,1998,133900
1075,0,849,360,2138,TA,8100,90.0,156,5,5,849,1898,1965,106000
926,0,926,470,1604,TA,10839,100.0,36,5,6,926,1997,1998,181000
887,0,868,422,2021,Gd,23257,168.0,100,5,7,868,2006,2006,274725
938,280,167,308,938,TA,9200,69.0,0,6,5,938,1975,1980,130250
912,0,912,216,1426,Gd,7642,55.0,240,8,7,912,1918,1998,189950
928,220,708,400,1920,TA,11345,95.0,0,5,5,928,1948,1950,137000
1098,902,196,260,1098,TA,7390,69.0,0,7,5,1098,1955,1955,135000
729,0,270,0,729,TA,4130,56.0,0,6,3,270,1935,2003,52000
1252,0,1252,528,1252,Gd,10721,80.0,39,6,6,1252,1959,1959,142000
1584,0,1584,792,1584,TA,8944,65.0,152,5,5,1584,1967,1967,124000
1506,0,1498,592,1506,Ex,14587,75.0,174,5,9,1498,2008,2008,264132
1709,1238,460,506,1709,Gd,5119,50.0,65,5,9,1698,1999,2000,328900
1092,895,197,299,1092,TA,14850,69.0,0,5,5,1092,1957,1957,141000
1746,1320,426,758,1746,Ex,14892,42.0,39,5,9,1746,2006,2007,377500
1304,603,701,667,2287,TA,15593,81.0,21,4,7,1304,1953,1953,225000
789,0,768,200,789,TA,10594,55.0,0,5,5,768,1926,1950,96500
1041,991,50,270,1041,TA,9600,80.0,88,6,5,1041,1959,1959,124500
993,0,967,431,1908,Gd,14191,85.0,0,5,8,967,2002,2002,202900
1010,0,1010,390,2267,Gd,8068,69.0,46,5,6,1010,2002,2002,200000
875,209,506,180,875,TA,6120,51.0,0,7,5,715,1931,1993,105000
1526,383,833,364,1526,TA,8562,68.0,78,6,5,1216,1957,2002,144500
1567,1567,0,714,1567,Gd,9819,69.0,32,5,6,1567,1977,1977,196000
1734,0,1734,1020,2822,Ex,13891,107.0,170,5,9,1734,2008,2009,582933
689,141,548,360,1378,Gd,9600,60.0,0,9,7,689,1928,2005,161000
1281,0,715,368,1738,TA,12513,69.0,0,4,4,715,1920,2007,104900
1164,831,320,521,2060,TA,10029,97.0,228,5,6,1151,1988,1989,211000
1128,812,124,286,1128,TA,9000,75.0,0,5,5,936,1954,1954,118000
840,0,840,440,1720,Gd,8244,62.0,48,5,7,840,2004,2004,183500
1050,504,546,338,1050,TA,9600,80.0,0,6,5,1050,1956,1956,128900
1114,814,300,576,1114,Gd,13695,66.0,78,5,6,1114,2003,2004,155000
1053,567,413,750,1053,Ex,8973,69.0,80,7,5,1008,1958,1991,150000
1593,1153,440,682,1593,Ex,4923,41.0,120,5,8,1593,2001,2002,286000
1214,695,519,318,1214,TA,10355,69.0,111,5,5,1214,1967,1967,143000
816,641,175,264,816,Gd,6600,60.0,0,9,5,816,1982,2008,130500
1535,0,0,400,1535,TA,7018,64.0,0,5,5,0,1979,1979,118858
1360,1036,140,795,3112,Gd,25419,174.0,16,4,8,1360,1918,1990,235000
1079,0,1079,685,1919,Gd,15611,120.0,51,5,8,1079,2006,2006,233230
1097,0,1097,672,1097,TA,10859,112.0,64,5,5,1097,1994,1995,145000
983,660,323,423,1750,TA,12508,75.0,0,7,6,983,1940,1985,160000
483,0,483,288,987,TA,1680,21.0,0,5,6,483,1972,1972,94500
981,282,664,576,981,TA,10530,69.0,312,5,6,981,1971,1971,143250
1700,1018,380,447,1700,Gd,10552,70.0,38,5,5,1398,1959,1959,165500
816,708,108,308,816,TA,7100,73.0,0,7,5,816,1957,1957,129900
944,666,278,622,1840,Gd,12420,79.0,45,5,7,944,2001,2001,230000
1291,837,105,576,2521,TA,3964,42.0,20,4,6,942,1973,1973,151400
1002,828,174,902,1002,TA,8750,69.0,0,6,5,1002,1970,1970,148500
841,0,721,294,841,TA,8400,60.0,0,4,4,721,1950,1950,82000
996,747,189,564,996,Gd,9069,73.0,0,6,6,936,1992,1992,147000
1713,1088,625,856,1713,Ex,9591,76.0,26,5,8,1713,2004,2005,274900
1412,1005,387,576,1412,Gd,11457,130.0,0,5,6,1392,1988,1988,175000
1236,600,312,923,1236,TA,7407,90.0,158,7,6,912,1957,1996,149700
1040,633,431,648,1040,TA,25286,94.0,0,5,4,1064,1963,1963,132250
1616,1180,415,608,1616,Gd,5389,39.0,152,5,8,1595,1995,1996,236500
1414,528,245,601,1414,TA,11029,87.0,51,8,6,1184,1958,2002,176500
975,649,326,576,1950,Gd,7399,66.0,10,5,7,975,1997,1998,239000
1086,320,404,490,1086,TA,10200,85.0,0,7,5,1086,1954,2003,144900
1072,1309,15,528,1576,Gd,21384,144.0,312,6,5,1324,1923,2004,223500
768,619,149,624,768,TA,7244,54.0,0,7,5,768,1970,1970,129500
1381,982,179,676,1381,Gd,9360,78.0,0,7,6,1161,1972,2006,197500
1284,0,1284,647,2169,Gd,9375,69.0,87,5,8,1284,2002,2002,228500
720,0,0,287,720,TA,6627,69.0,0,6,3,0,1949,1950,72500
1584,493,1017,520,2792,TA,10440,60.0,547,7,6,1510,1920,1950,256000
936,0,936,576,936,TA,6000,60.0,32,4,4,936,1953,1953,93000
1181,920,38,588,1181,TA,10012,90.0,0,5,4,1138,1972,1972,137500
1689,0,1689,954,1689,Gd,9849,83.0,56,6,7,1689,2007,2007,248328
948,732,216,280,948,TA,8190,60.0,36,6,4,948,1954,1954,119000
756,420,336,440,1512,Gd,2117,69.0,32,5,6,756,2000,2000,168500
894,492,402,450,894,TA,8724,109.0,0,5,5,894,1968,1968,129000
932,822,78,644,1852,Gd,8640,72.0,108,5,7,900,2009,2009,252678
845,0,0,290,845,TA,11500,69.0,0,3,4,0,1957,1957,84000
774,544,0,0,774,Gd,4270,70.0,0,6,3,544,1931,2006,79000
2053,816,1217,666,3238,Gd,14720,56.0,86,5,8,2033,1995,1996,410000
1232,724,508,632,1232,Gd,7314,64.0,0,5,7,1232,2007,2007,194500
1164,0,1164,528,1164,TA,9600,80.0,0,5,7,1164,1969,1969,140000
912,324,588,160,1248,TA,9439,52.0,0,5,5,912,1930,1950,87000
1687,353,60,572,1687,TA,57200,69.0,0,5,5,747,1948,1950,160000
860,625,235,440,1960,Gd,7851,69.0,48,5,6,860,2002,2002,216500
546,273,0,286,1092,TA,2217,21.0,0,4,4,546,1970,1970,88000
894,552,342,400,894,TA,9450,68.0,0,5,4,894,1954,1954,110000
1479,1013,440,558,1479,Gd,10665,72.0,29,5,7,1453,2003,2003,226000
1060,188,204,270,1060,Gd,8246,69.0,90,8,5,1060,1968,2001,154000
1436,946,490,484,1436,Gd,8450,65.0,98,5,7,1436,2004,2004,210000
1044,0,540,504,1044,Fa,8712,66.0,0,5,5,540,1952,1952,55993
880,390,490,320,1768,TA,10800,60.0,341,7,7,880,1914,1970,163000
816,538,278,432,816,TA,5890,69.0,0,8,6,816,1930,2007,120500
774,250,134,400,1430,TA,7750,69.0,0,5,7,384,2000,2000,180000
1867,379,470,303,1867,TA,10708,69.0,0,5,5,1617,1955,1993,190000
1500,1070,286,648,1500,Gd,4045,53.0,20,5,7,1356,2006,2006,246578
1100,419,375,312,1100,TA,12493,69.0,0,5,4,1100,1960,1960,141000
816,546,270,264,816,TA,8314,76.0,0,7,5,816,1982,1982,124500
1328,967,383,308,1328,TA,16905,115.0,104,6,5,1350,1959,1959,170000
1728,1338,384,842,2296,Ex,13478,97.0,274,5,10,1722,2008,2008,451950
864,167,697,572,864,TA,8172,60.0,0,7,5,864,1955,1990,115000
1266,0,1257,453,1266,Gd,7500,62.0,144,5,7,1257,2005,2005,176000
858,614,244,0,858,TA,8125,69.0,0,4,4,858,1971,1971,88000
832,426,406,506,1710,Gd,9291,76.0,70,5,6,832,1993,1993,187000
772,0,732,264,1123,TA,6060,50.0,0,5,4,732,1939,1950,100000
953,0,953,460,1647,TA,7917,62.0,40,5,6,953,1999,2000,175000
874,510,354,288,874,TA,9858,62.0,0,6,5,864,1968,1968,130000
1788,0,1753,522,1788,Ex,11838,69.0,151,5,8,1753,2001,2001,236500
1839,1186,291,416,1839,Gd,14442,110.0,87,7,6,1477,1957,2004,257500
1088,381,399,484,1868,Gd,10304,69.0,96,7,5,780,1976,1976,197500
1712,528,1098,588,1712,TA,8393,70.0,54,5,5,1626,1959,2005,145000
561,285,276,462,1229,TA,1300,24.0,0,6,6,561,1980,1980,124000
1600,0,1566,890,1600,Gd,14230,110.0,56,5,8,1566,2007,2007,256300
916,0,916,460,1600,TA,8773,57.0,38,5,6,916,1997,1997,169000
896,0,896,240,1344,TA,6240,69.0,114,4,5,896,1936,1950,115000
1126,767,266,540,1126,Ex,15611,69.0,0,6,5,1126,1977,1977,175000
923,658,218,264,923,TA,6951,37.0,0,5,5,876,1984,1985,119500
616,616,0,205,616,TA,6000,50.0,0,7,5,616,1921,1950,89000
1800,0,1800,0,1800,TA,8000,80.0,0,4,5,1800,1961,1961,141000
1505,1024,481,505,1505,TA,12160,128.0,0,4,6,1505,1953,1953,149500
1647,1283,0,621,1647,Gd,12984,80.0,0,6,5,1430,1977,1977,217500
1132,1024,108,451,1132,Gd,7024,60.0,64,5,4,1132,2005,2005,176000
928,821,107,470,1764,Gd,15426,65.0,99,5,6,928,1997,1997,231500
1088,0,0,240,1529,TA,8405,50.0,0,3,4,0,1945,1950,98000
1699,0,804,336,2447,Gd,9638,50.0,0,7,6,804,1919,1990,169000
1504,16,1330,457,1504,Gd,3182,43.0,0,5,7,1346,2005,2006,181000
1163,256,906,220,1163,TA,5820,49.0,98,8,3,1162,1955,2005,126175
769,436,320,440,1525,Gd,2117,69.0,0,5,6,756,2000,2000,177000
935,560,0,288,935,TA,13526,69.0,0,6,5,935,1965,1965,137000
813,0,813,270,813,Gd,5684,70.0,113,8,6,813,1930,2005,110000
1112,603,293,230,2008,Ex,7800,78.0,0,8,5,896,1948,2002,225000
1532,1085,390,514,2329,Gd,11839,86.0,121,5,7,1475,1990,1990,262280
910,420,490,282,1558,TA,13710,75.0,0,5,5,910,1950,1950,152000
832,194,638,528,1664,TA,10140,78.0,28,5,7,832,1976,1976,162900
2110,1065,1045,522,2110,Ex,11160,93.0,0,5,7,2110,1968,1968,244000
905,648,176,684,1786,Gd,9337,69.0,162,5,6,824,1997,1997,204750
925,548,36,336,1475,TA,2665,41.0,26,6,5,757,1977,1977,127000
811,0,811,256,1387,Gd,6000,50.0,0,4,5,811,1954,1954,93000
976,0,976,380,1708,Gd,3363,32.0,40,5,7,976,2004,2004,130000
1085,600,312,440,1734,Gd,9786,77.0,0,7,6,912,1962,1981,159000
1766,664,290,520,2414,TA,10800,60.0,0,4,5,954,1900,1970,160000
933,642,273,493,1908,Gd,8750,70.0,133,5,7,915,1994,1995,210000
1283,504,319,506,1283,TA,7763,70.0,0,7,5,931,1962,1980,140000
1212,0,1212,573,1212,Gd,9100,70.0,0,5,7,1212,2001,2001,178000
952,0,952,672,1548,Ex,7264,55.0,0,7,7,952,1925,2007,205000
980,400,100,384,980,TA,9750,75.0,0,5,5,980,1967,1967,135500
1811,296,230,470,1811,Ex,14115,90.0,0,7,6,1073,1956,2004,230000
1056,1056,0,384,1056,TA,8900,69.0,42,4,4,1056,1966,1966,107000
1234,0,1234,484,1234,Gd,11049,85.0,30,5,8,1234,2007,2007,179900
630,0,630,440,1302,TA,2016,24.0,0,5,5,630,1970,1970,106000
1035,0,319,0,1406,Fa,7920,69.0,144,7,6,319,1920,1950,89500
858,685,173,576,858,TA,7252,69.0,0,5,5,858,1982,1982,134900
1182,998,177,736,2324,Ex,11924,85.0,21,5,9,1175,2005,2006,345000
910,0,105,414,910,Gd,8892,74.0,0,7,5,105,1953,1996,116000
798,674,0,442,1611,TA,9760,80.0,128,6,6,780,1964,1964,167900
684,0,684,400,1560,Gd,11911,122.0,38,5,6,684,2005,2005,174000
2020,0,0,630,2020,TA,8400,60.0,0,5,5,0,1977,1977,144000
1338,616,722,582,1338,Gd,4920,41.0,0,5,8,1338,2001,2001,213500
1188,593,595,312,1188,TA,26142,69.0,39,7,5,1188,1962,1962,157900
1459,0,1459,527,1459,Gd,8749,70.0,39,5,7,1459,2002,2002,192000
1306,1201,105,533,2260,Gd,14000,80.0,44,5,7,1306,1996,1997,328000
1430,0,1413,605,1430,Gd,16285,67.0,33,5,7,1413,2001,2002,187100
996,290,706,0,996,TA,13907,63.0,0,6,5,996,1940,1969,108000
1092,787,305,504,1092,TA,8250,75.0,0,7,6,1092,1964,1964,145000
625,0,625,625,1250,Gd,4017,35.0,54,5,7,625,2006,2007,171900
864,0,864,572,1728,Gd,9313,65.0,56,5,7,864,2004,2004,190000
924,0,924,280,924,TA,7990,88.0,0,6,5,924,1975,1975,110000
1199,300,899,530,1199,Gd,7892,55.0,63,5,6,1199,1993,1993,153900
948,0,948,300,948,TA,8978,69.0,0,5,5,948,1968,1968,108000
925,338,121,429,925,TA,9100,70.0,0,6,5,925,1965,1965,117500
835,108,350,366,835,TA,10625,85.0,0,5,5,458,1920,1950,83000
1580,0,1580,610,2466,Gd,11143,102.0,214,5,8,1580,2004,2005,340000
1216,445,479,487,2157,Gd,14200,88.0,66,6,7,924,1966,1966,226000
1060,840,200,572,1060,TA,4224,44.0,110,7,5,1040,1976,1976,129900
2633,1282,1351,804,2633,Ex,11400,69.0,140,5,10,2633,2001,2002,466500
1048,0,993,280,1048,TA,6380,58.0,0,6,5,993,1922,1950,113000
953,0,953,460,1664,TA,8121,69.0,40,5,6,953,2000,2000,172400
784,0,784,360,784,TA,9000,60.0,0,3,6,784,1928,1950,76000
1279,641,276,473,1279,TA,10125,75.0,83,6,6,1196,1977,1977,171500
1229,1059,75,284,1229,TA,17140,69.0,0,6,4,1134,1956,1956,135000
1268,540,728,244,1268,TA,7800,78.0,98,6,5,1268,1954,1954,132000
1428,0,1428,480,1428,Gd,11639,95.0,120,5,7,1428,2007,2008,182000
1125,631,410,352,1125,TA,7200,72.0,0,6,6,1041,1976,1976,125000
1008,486,522,275,1008,TA,11425,69.0,0,6,5,1008,1954,1954,137000
1630,0,1622,860,1630,Ex,10226,61.0,42,5,8,1622,2008,2008,295493
864,503,361,673,1728,Gd,8791,64.0,56,5,6,864,2003,2003,207500
1211,250,210,322,1211,TA,8250,55.0,63,5,5,952,1968,1968,134000
1040,369,671,286,1040,TA,7560,70.0,0,5,5,1040,1959,1959,133700
1707,0,1686,511,1707,TA,16669,69.0,64,6,8,1686,1981,1981,228000
955,0,935,462,1632,TA,9084,63.0,28,5,7,935,1998,1998,176500
1392,1302,90,528,1392,TA,11341,69.0,0,6,5,1392,1957,1996,121500
1319,428,0,270,1319,TA,10634,79.0,0,6,5,608,1953,1953,123000
742,0,742,390,1484,Gd,12589,149.0,24,5,6,742,2005,2005,174000
971,523,448,300,971,TA,9920,69.0,0,6,5,971,1969,1969,128500
1062,539,490,539,1062,TA,11333,69.0,0,5,6,1029,1976,1976,146800
980,945,0,0,980,TA,9400,35.0,0,5,6,945,1975,1975,127500
1405,0,1405,478,1405,Gd,3136,69.0,36,5,7,1405,2003,2003,171750
959,786,173,472,1671,TA,10852,58.0,38,5,6,959,2000,2000,173000
1074,788,268,495,1074,TA,10140,78.0,88,6,5,1056,1975,1975,153500
1547,0,0,672,2320,TA,14762,69.0,144,6,5,0,1948,1950,169000
918,0,918,264,918,TA,7892,55.0,0,5,6,918,1979,1979,99500
1437,1157,280,528,1437,Gd,10768,90.0,21,8,5,1437,1976,2004,218000
1069,360,709,440,1069,TA,4043,53.0,55,5,6,1069,1977,1977,127500
829,298,429,441,1556,TA,11700,78.0,0,6,6,727,1968,1968,154000
824,624,193,510,1894,Gd,11316,80.0,40,5,7,817,2002,2003,214900
1973,0,1935,895,1973,Gd,14226,110.0,45,5,8,1935,2006,2006,395000
1898,0,710,564,2978,Gd,11275,96.0,0,7,7,710,1967,2007,242000
848,662,186,420,848,Gd,4438,69.0,0,5,6,848,2004,2004,149000
804,0,384,400,1474,TA,8530,69.0,72,5,7,384,1995,1996,168500
1056,480,108,260,1056,TA,9250,80.0,0,7,5,1056,1954,2005,139400
902,301,239,484,902,TA,8885,69.0,0,5,5,864,1983,1983,131000
1032,605,427,564,1032,TA,10395,69.0,0,6,6,1032,1978,1978,148000
1077,0,961,338,1077,TA,8967,60.0,0,2,5,961,1920,1950,67000
1235,600,635,480,1235,TA,8500,85.0,0,3,5,1235,1961,1961,98600
1442,738,172,719,1442,Gd,10357,114.0,244,5,7,910,1990,1991,179900
483,387,96,264,987,TA,1680,21.0,0,5,6,483,1971,1971,85400
1004,975,0,504,1004,TA,10530,78.0,0,5,6,975,1977,1977,135000
1006,288,718,0,1006,TA,9000,69.0,24,3,5,1006,1959,1959,80000
936,210,570,0,1716,Fa,5687,55.0,184,6,5,780,1912,2000,135900
860,0,860,565,1720,Gd,11645,89.0,70,5,7,860,2004,2004,196500
960,250,710,308,960,Fa,6000,50.0,0,4,4,960,1920,1950,108500
1604,1334,270,660,1604,Gd,8814,68.0,110,5,7,1604,2006,2006,220000
2217,351,1043,621,2217,Gd,15865,95.0,207,6,8,2217,1970,1970,268000
1844,1110,734,540,1844,Gd,16381,69.0,73,5,6,1844,1969,1969,223000
799,0,799,380,1571,TA,7837,59.0,40,7,6,799,1993,1994,178000
1479,0,1468,577,1479,Gd,9382,93.0,25,5,7,1468,1999,2000,191000
1619,1249,103,529,1786,TA,164660,69.0,0,6,5,1499,1965,1965,228950
1632,620,0,338,1632,TA,9600,80.0,0,6,6,1240,1958,1988,139000
866,20,846,578,1768,Gd,10769,68.0,105,5,8,866,2007,2007,212000
1096,75,230,299,1096,TA,15870,69.0,32,5,5,1096,1969,1969,138800
1236,0,791,542,2093,TA,20544,46.0,63,6,7,791,1986,1991,215000
660,512,148,453,1348,TA,7590,69.0,108,5,6,660,1966,1966,155000
728,648,80,410,1456,Gd,8199,63.0,18,5,7,728,2005,2005,189000
1600,1277,207,319,1600,TA,16321,47.0,258,6,5,1484,1957,1997,207500
1700,340,1342,544,1700,Gd,9135,70.0,23,5,6,1682,2003,2003,200000
808,0,808,389,1593,TA,9636,69.0,40,5,6,808,1992,1993,178000
1363,650,178,288,1363,TA,14559,75.0,42,7,5,1008,1951,2000,164900
855,311,544,440,1441,TA,2289,24.0,0,6,6,855,1978,1978,148500
1710,1400,310,866,1710,Gd,13891,107.0,102,5,8,1710,2007,2008,372402
1222,695,253,463,2110,Gd,8880,69.0,130,5,7,948,1994,2002,205000
725,533,192,475,1479,Gd,13517,69.0,44,8,6,725,1976,2005,130500
767,584,0,367,767,TA,4058,34.0,40,5,7,723,1998,1998,133000
664,554,100,426,1496,Gd,17104,58.0,24,5,7,654,2006,2006,179665
1567,1154,366,648,1567,Ex,3982,53.0,0,5,8,1520,2006,2006,264561
1148,210,219,308,1148,TA,6420,57.0,0,7,5,980,1952,1952,123500
1120,0,1085,753,1970,Ex,11065,86.0,74,5,8,1085,2006,2006,281000
1453,482,971,750,2810,Gd,9572,69.0,0,5,8,1453,1990,1990,302000
1470,986,484,696,2630,Gd,9200,80.0,66,5,8,1470,1998,1998,315000
1105,443,662,480,2274,TA,11600,80.0,0,5,5,1105,1960,1960,154300
1261,662,599,433,1261,TA,9120,76.0,0,6,6,1261,1958,1958,163000
1486,637,849,480,1486,TA,9937,75.0,0,7,5,1486,1964,1999,167000
773,570,203,240,773,TA,7677,57.0,0,5,5,773,1953,1953,110000
1537,0,1319,462,1537,Gd,8400,80.0,36,9,6,1319,1962,2005,174000
866,0,866,546,1779,Gd,10400,80.0,36,5,7,866,1998,1998,197900
1225,569,381,0,1225,TA,9320,77.0,0,5,4,950,1959,1959,128950
848,659,189,420,848,Gd,4435,36.0,0,5,6,848,2003,2003,131500
780,0,780,198,1376,TA,8600,50.0,0,6,6,780,1937,1950,119500
742,381,348,440,1471,TA,3230,34.0,24,5,6,729,1999,1999,172500
869,0,440,0,869,Fa,5900,51.0,0,7,4,440,1923,1958,85500
729,419,310,440,1458,TA,3230,34.0,32,5,6,729,1999,1999,176000
894,762,102,440,894,TA,13350,100.0,0,5,5,864,1974,1974,142500
885,0,832,427,1718,TA,10141,74.0,94,5,7,832,1998,1998,185000
1701,1390,0,611,1701,TA,16647,69.0,0,5,5,1390,1975,1981,171000
864,600,264,576,864,TA,12735,69.0,0,5,4,864,1972,1972,111250
1094,0,528,512,1855,TA,9600,80.0,100,7,6,528,1976,1994,187000
1651,1398,0,616,1651,TA,12416,47.0,0,5,6,1606,1986,1986,184000
612,0,612,528,1224,Gd,3951,40.0,234,5,6,612,2009,2009,164500
928,308,620,288,928,TA,6000,50.0,0,6,5,928,1957,1957,112500
372,0,0,0,1092,Fa,5600,70.0,0,5,4,0,1930,1950,55000
832,16,712,546,1641,Ex,9600,60.0,0,7,7,728,1925,1990,178000
708,404,304,776,1416,TA,11700,90.0,169,6,6,708,1968,1968,179900
1058,546,512,736,1904,Ex,10927,74.0,60,5,8,1058,2005,2005,275000
936,248,448,308,936,TA,5868,74.0,0,7,5,936,1956,2000,129000
716,81,23,452,1556,TA,1950,24.0,0,6,6,716,1980,1980,151000
864,120,744,400,864,TA,19138,140.0,0,5,4,864,1951,1951,141000
1654,986,668,900,1654,Gd,8125,69.0,136,5,7,1654,2002,2002,230000
1416,0,816,576,1416,Gd,25339,69.0,0,7,5,816,1918,2007,112000
1268,1163,89,856,2365,Gd,9430,82.0,128,5,8,1252,1999,1999,337000
1067,442,625,436,1067,Gd,9600,60.0,0,7,4,1067,1950,1995,128000
1318,0,0,539,1902,TA,8930,68.0,0,5,6,0,1978,1978,112000
1557,0,1374,420,1557,Gd,3196,69.0,20,5,7,1374,2003,2004,234000
1195,0,1195,486,1839,TA,16770,58.0,81,5,7,1195,1998,1998,221000
